crim,zn,indus,chas,nox,age,dis,rad,tax,ptratio,b,log_lstat,log_medv,win_rm
0.00632,18.0,2.31,0,0.538,65.2,4.09,1,296,15.3,396.9,1.6054298910365616,1.6054298910365616,6.575
0.02731,0.0,7.07,0,0.469,78.9,4.9671,2,242,17.8,396.9,2.2126603854660587,2.2126603854660587,6.421
0.02729,0.0,7.07,0,0.469,61.1,4.9671,2,242,17.8,392.83,1.3937663759585917,1.3937663759585917,7.185
0.03237,0.0,2.18,0,0.458,45.8,6.0622,3,222,18.7,394.63,1.0784095813505903,1.0784095813505903,6.998
0.06905,0.0,2.18,0,0.458,54.2,6.0622,3,222,18.7,396.9,1.673351238177753,1.673351238177753,7.147
0.02985,0.0,2.18,0,0.458,58.7,6.0622,3,222,18.7,394.12,1.6505798557652755,1.6505798557652755,6.43
0.08829,12.5,7.87,0,0.524,66.6,5.5605,5,311,15.2,395.6,2.5201129055226197,2.5201129055226197,6.012
0.14455,12.5,7.87,0,0.524,96.1,5.9505,5,311,15.2,396.9,2.952302715626655,2.952302715626655,6.172
0.21124,12.5,7.87,0,0.524,100.0,6.0821,5,311,15.2,386.63,3.3988613218646075,3.3988613218646075,5.631
0.17004,12.5,7.87,0,0.524,85.9,6.5921,5,311,15.2,386.71,2.8390784635086144,2.8390784635086144,6.004
0.22489,12.5,7.87,0,0.524,94.3,6.3467,5,311,15.2,392.52,3.017982882488811,3.017982882488811,6.377
0.11747,12.5,7.87,0,0.524,82.9,6.2267,5,311,15.2,396.9,2.5855058483441162,2.5855058483441162,6.009
0.09378,12.5,7.87,0,0.524,39.0,5.4509,5,311,15.2,390.5,2.75429745226753,2.75429745226753,5.889
0.62976,0.0,8.14,0,0.538,61.8,4.7075,4,307,21.0,396.9,2.1114245875328868,2.1114245875328868,5.949
0.63796,0.0,8.14,0,0.538,84.5,4.4619,4,307,21.0,380.02,2.3282528397426234,2.3282528397426234,6.096
0.62739,0.0,8.14,0,0.538,56.5,4.4986,4,307,21.0,395.62,2.136530508663963,2.136530508663963,5.834
1.05393,0.0,8.14,0,0.538,29.3,4.4986,4,307,21.0,386.85,1.884034745337226,1.884034745337226,5.935
0.7842,0.0,8.14,0,0.538,81.7,4.2579,4,307,21.0,386.75,2.6858045921548905,2.6858045921548905,5.99
0.80271,0.0,8.14,0,0.538,36.6,3.7965,4,307,21.0,288.99,2.458733775483977,2.458733775483977,5.456
0.7258,0.0,8.14,0,0.538,69.5,3.7965,4,307,21.0,390.95,2.423031246069913,2.423031246069913,5.727
1.25179,0.0,8.14,0,0.538,98.1,3.7979,4,307,21.0,376.57,3.045474365448805,3.045474365448805,5.57
0.85204,0.0,8.14,0,0.538,89.2,4.0123,4,307,21.0,392.53,2.626840145676667,2.626840145676667,5.965
1.23247,0.0,8.14,0,0.538,91.7,3.9769,4,307,21.0,396.9,2.929592471049446,2.929592471049446,6.142
0.98843,0.0,8.14,0,0.538,100.0,4.0952,4,307,21.0,394.54,2.989714201228428,2.989714201228428,5.813
0.75026,0.0,8.14,0,0.538,94.1,4.3996,4,307,21.0,394.33,2.791165107812717,2.791165107812717,5.924
0.84054,0.0,8.14,0,0.538,85.7,4.4546,4,307,21.0,303.42,2.8039662579320366,2.8039662579320366,5.599
0.67191,0.0,8.14,0,0.538,90.3,4.682,4,307,21.0,376.88,2.6953026282797072,2.6953026282797072,5.813
0.95577,0.0,8.14,0,0.538,88.8,4.4534,4,307,21.0,306.38,2.8495497633759097,2.8495497633759097,6.047
0.77299,0.0,8.14,0,0.538,94.4,4.4547,4,307,21.0,387.94,2.5494451709255714,2.5494451709255714,6.495
1.00245,0.0,8.14,0,0.538,87.3,4.239,4,307,21.0,380.23,2.4832385926873033,2.4832385926873033,6.674
1.13081,0.0,8.14,0,0.538,94.1,4.233,4,307,21.0,360.17,3.1179499062782403,3.1179499062782403,5.713
1.35472,0.0,8.14,0,0.538,100.0,4.175,4,307,21.0,376.73,2.5680215564985067,2.5680215564985067,6.072
1.38799,0.0,8.14,0,0.538,82.0,3.99,4,307,21.0,232.6,3.321793358874887,3.321793358874887,5.95
1.15172,0.0,8.14,0,0.538,95.0,3.7872,4,307,21.0,358.77,2.9096295745005794,2.9096295745005794,5.701
1.61282,0.0,8.14,0,0.538,96.9,3.7598,4,307,21.0,248.31,3.012589390620414,3.012589390620414,6.096
0.06417,0.0,5.96,0,0.499,68.2,3.3603,5,279,19.2,396.9,2.2700619012884857,2.2700619012884857,5.933
0.09744,0.0,5.96,0,0.499,61.4,3.3779,5,279,19.2,377.56,2.4344901638739844,2.4344901638739844,5.841
0.08014,0.0,5.96,0,0.499,41.5,3.9342,5,279,19.2,396.9,2.1713368063840917,2.1713368063840917,5.85
0.17505,0.0,5.96,0,0.499,30.2,3.8473,5,279,19.2,393.43,2.315501318260592,2.315501318260592,5.966
0.02763,75.0,2.95,0,0.428,21.8,5.4011,3,252,18.3,395.63,1.463255402256019,1.463255402256019,6.595
0.03359,75.0,2.95,0,0.428,15.8,5.4011,3,252,18.3,395.62,0.6830968447064438,0.6830968447064438,7.024
0.12744,0.0,6.91,0,0.448,2.9,5.7209,3,233,17.9,385.41,1.5769147207285403,1.5769147207285403,6.77
0.1415,0.0,6.91,0,0.448,6.6,5.7209,3,233,17.9,383.37,1.7595805708638197,1.7595805708638197,6.169
0.15936,0.0,6.91,0,0.448,6.5,5.7209,3,233,17.9,394.46,2.0068708488450007,2.0068708488450007,6.211
0.12269,0.0,6.91,0,0.448,40.0,5.7209,3,233,17.9,389.39,2.256541154492639,2.256541154492639,6.069
0.17142,0.0,6.91,0,0.448,33.8,5.1004,3,233,17.9,396.9,2.3233676321765744,2.3233676321765744,5.682
0.18836,0.0,6.91,0,0.448,33.3,5.1004,3,233,17.9,396.9,2.649714624089247,2.649714624089247,5.786
0.22927,0.0,6.91,0,0.448,85.5,5.6894,3,233,17.9,392.74,2.9338568698359038,2.9338568698359038,6.03
0.25387,0.0,6.91,0,0.448,95.3,5.87,3,233,17.9,396.9,3.4278393126085764,3.4278393126085764,5.399
0.21977,0.0,6.91,0,0.448,62.0,6.0877,3,233,17.9,396.9,2.785011242238338,2.785011242238338,5.602
0.08873,21.0,5.64,0,0.439,45.7,6.8147,4,243,16.8,395.56,2.598979106047848,2.598979106047848,5.963
0.04337,21.0,5.64,0,0.439,63.0,6.8147,4,243,16.8,393.97,2.2438960966453663,2.2438960966453663,6.115
0.0536,21.0,5.64,0,0.439,21.1,6.8147,4,243,16.8,396.9,1.6639260977181702,1.6639260977181702,6.511
0.04981,21.0,5.64,0,0.439,21.4,6.8147,4,243,16.8,396.9,2.131796772013764,2.131796772013764,5.998
0.0136,75.0,4.0,0,0.41,47.6,7.3197,3,469,21.1,396.9,2.6946271807700692,2.6946271807700692,5.888
0.01311,90.0,1.22,0,0.403,21.9,8.6966,5,226,17.9,395.93,1.5706970841176697,1.5706970841176697,7.249
0.02055,85.0,0.74,0,0.41,35.7,9.1876,2,313,17.3,396.9,1.7526720805200082,1.7526720805200082,6.383
0.01432,100.0,1.32,0,0.411,40.5,8.3248,5,256,15.1,392.9,1.3737155789130306,1.3737155789130306,6.816
0.15445,25.0,5.13,0,0.453,29.2,7.8148,8,284,19.7,390.68,1.925707441737794,1.925707441737794,6.145
0.10328,25.0,5.13,0,0.453,47.2,6.932,8,284,19.7,396.9,2.2213750375685026,2.2213750375685026,5.927
0.14932,25.0,5.13,0,0.453,66.2,7.2254,8,284,19.7,395.11,2.5764217586237734,2.5764217586237734,5.741
0.17171,25.0,5.13,0,0.453,93.4,6.8185,8,284,19.7,378.08,2.67000213346468,2.67000213346468,5.966
0.11027,25.0,5.13,0,0.453,67.8,7.2255,8,284,19.7,396.9,1.9065751436566365,1.9065751436566365,6.456
0.1265,25.0,5.13,0,0.453,43.4,7.9809,8,284,19.7,395.58,2.2512917986064953,2.2512917986064953,6.762
0.01951,17.5,1.38,0,0.4161,59.5,9.2229,3,216,18.6,393.24,2.0856720914304723,2.0856720914304723,7.104
0.03584,80.0,3.37,0,0.398,17.8,6.6115,4,337,16.1,396.9,1.541159071680806,1.541159071680806,6.29
0.04379,80.0,3.37,0,0.398,31.1,6.6115,4,337,16.1,396.9,2.3263016196113617,2.3263016196113617,5.787
0.05789,12.5,6.07,0,0.409,21.4,6.498,4,345,18.9,396.21,2.0918640616783932,2.0918640616783932,5.878
0.13554,12.5,6.07,0,0.409,36.8,6.498,4,345,18.9,396.9,2.5718485799218085,2.5718485799218085,5.594
0.12816,12.5,6.07,0,0.409,33.0,6.498,4,345,18.9,396.9,2.1736147116970854,2.1736147116970854,5.885
0.08826,0.0,10.81,0,0.413,6.6,5.2873,4,305,19.2,383.73,1.9050881545350582,1.9050881545350582,6.417
0.15876,0.0,10.81,0,0.413,17.5,5.2873,4,305,19.2,376.94,2.2905125117597764,2.2905125117597764,5.961
0.09164,0.0,10.81,0,0.413,7.8,5.2873,4,305,19.2,390.91,1.7083778602890038,1.7083778602890038,6.065
0.19539,0.0,10.81,0,0.413,6.2,5.2873,4,305,19.2,377.17,2.020222182019865,2.020222182019865,6.245
0.07896,0.0,12.83,0,0.437,6.0,4.2515,5,398,18.7,394.92,1.9139771019523042,1.9139771019523042,6.273
0.09512,0.0,12.83,0,0.437,45.0,4.5026,5,398,18.7,383.23,2.190535589185423,2.190535589185423,6.286
0.10153,0.0,12.83,0,0.437,74.5,4.0522,5,398,18.7,373.66,2.482403519569882,2.482403519569882,6.279
0.08707,0.0,12.83,0,0.437,45.8,4.0905,5,398,18.7,386.96,2.329227023940467,2.329227023940467,6.14
0.05646,0.0,12.83,0,0.437,53.7,5.0141,5,398,18.7,386.4,2.5128460184772416,2.5128460184772416,6.232
0.08387,0.0,12.83,0,0.437,36.6,4.5026,5,398,18.7,396.06,2.2082744135228043,2.2082744135228043,5.874
0.04113,25.0,4.86,0,0.426,33.5,5.4007,4,281,19.0,396.9,1.665818245870208,1.665818245870208,6.727
0.04462,25.0,4.86,0,0.426,70.4,5.4007,4,281,19.0,395.63,1.9768549529047348,1.9768549529047348,6.619
0.03659,25.0,4.86,0,0.426,32.2,5.4007,4,281,19.0,396.9,1.9050881545350582,1.9050881545350582,6.302
0.03551,25.0,4.86,0,0.426,46.7,5.4007,4,281,19.0,390.64,2.0162354657760435,2.0162354657760435,6.167
0.05059,0.0,4.49,0,0.449,48.0,4.7794,3,247,18.5,396.9,2.263844264677615,2.263844264677615,6.389
0.05735,0.0,4.49,0,0.449,56.1,4.4377,3,247,18.5,392.3,1.8764069432883397,1.8764069432883397,6.63
0.05188,0.0,4.49,0,0.449,45.1,4.4272,3,247,18.5,395.99,2.554121718809473,2.554121718809473,6.015
0.07151,0.0,4.49,0,0.449,56.8,3.7476,3,247,18.5,395.15,2.1329823086078656,2.1329823086078656,6.121
0.0566,0.0,3.41,0,0.489,86.3,3.4217,2,270,17.8,396.9,1.7047480922384253,1.7047480922384253,7.007
0.05302,0.0,3.41,0,0.489,63.1,3.4145,2,270,17.8,396.06,1.7404661748405046,1.7404661748405046,7.079
0.04684,0.0,3.41,0,0.489,66.1,3.0923,2,270,17.8,392.18,2.175887439948088,2.175887439948088,6.417
0.03932,0.0,3.41,0,0.489,73.9,3.0921,2,270,17.8,393.55,2.1041341542702074,2.1041341542702074,6.405
0.04203,28.0,15.04,0,0.464,53.6,3.6659,4,270,18.2,395.01,2.0992441689760155,2.0992441689760155,6.442
0.02875,28.0,15.04,0,0.464,28.9,3.6659,4,270,18.2,396.33,1.8261608959453874,1.8261608959453874,6.211
0.04294,28.0,15.04,0,0.464,77.3,3.615,4,270,18.2,396.9,2.359910159613315,2.359910159613315,6.249
0.12204,0.0,2.89,0,0.445,57.8,3.4952,2,276,18.0,357.98,1.8946168546677629,1.8946168546677629,6.625
0.11504,0.0,2.89,0,0.445,69.6,3.4952,2,276,18.0,391.83,2.428336298299606,2.428336298299606,6.163
0.12083,0.0,2.89,0,0.445,76.0,3.4952,2,276,18.0,396.9,1.43746264769429,1.43746264769429,7.61
0.08187,0.0,2.89,0,0.445,36.9,3.4952,2,276,18.0,393.53,1.2725655957915476,1.2725655957915476,7.61
0.0686,0.0,2.89,0,0.445,62.5,3.4952,2,276,18.0,396.9,1.8229350866965048,1.8229350866965048,7.416
0.14866,0.0,8.56,0,0.52,79.9,2.7778,5,384,20.9,394.76,2.2428350885882717,2.2428350885882717,6.727
0.11432,0.0,8.56,0,0.52,71.3,2.8561,5,384,20.9,395.58,2.0373166153791646,2.0373166153791646,6.781
0.22876,0.0,8.56,0,0.52,85.4,2.7147,5,384,20.9,70.8,2.363680192353857,2.363680192353857,6.405
0.21161,0.0,8.56,0,0.52,87.4,2.7147,5,384,20.9,394.47,2.5982353350950036,2.5982353350950036,6.137
0.1396,0.0,8.56,0,0.52,90.0,2.421,5,384,20.9,392.69,2.512035317176253,2.512035317176253,6.167
0.13262,0.0,8.56,0,0.52,96.7,2.1069,5,384,20.9,394.05,2.8015405441895487,2.8015405441895487,5.851
0.1712,0.0,8.56,0,0.52,91.9,2.211,5,384,20.9,395.67,2.926382195419198,2.926382195419198,5.836
0.13117,0.0,8.56,0,0.52,85.2,2.1224,5,384,20.9,387.69,2.645465325910589,2.645465325910589,6.127
0.12802,0.0,8.56,0,0.52,97.1,2.4329,5,384,20.9,395.24,2.50715725872282,2.50715725872282,6.474
0.26363,0.0,8.56,0,0.52,91.2,2.5451,5,384,20.9,391.23,2.744060638625243,2.744060638625243,6.229
0.10793,0.0,8.56,0,0.52,54.4,2.7778,5,384,20.9,393.49,2.5649493574615367,2.5649493574615367,6.195
0.10084,0.0,10.01,0,0.547,81.6,2.6775,6,432,17.8,395.59,2.318458442150336,2.318458442150336,6.715
0.12329,0.0,10.01,0,0.547,92.9,2.3534,6,432,17.8,394.95,2.785628335747585,2.785628335747585,5.913
0.22212,0.0,10.01,0,0.547,95.4,2.548,6,432,17.8,396.9,2.8384934971274993,2.8384934971274993,6.092
0.14231,0.0,10.01,0,0.547,84.2,2.2565,6,432,17.8,388.74,2.34660197841082,2.34660197841082,6.254
0.17134,0.0,10.01,0,0.547,88.2,2.4631,6,432,17.8,344.91,2.757475084429733,2.757475084429733,5.928
0.13158,0.0,10.01,0,0.547,72.5,2.7301,6,432,17.8,393.3,2.488234439880675,2.488234439880675,6.176
0.15098,0.0,10.01,0,0.547,82.6,2.7474,6,432,17.8,394.51,2.33214389523559,2.33214389523559,6.021
0.13058,0.0,10.01,0,0.547,73.1,2.4775,6,432,17.8,338.63,2.7324175575505043,2.7324175575505043,5.872
0.14476,0.0,10.01,0,0.547,65.2,2.7592,6,432,17.8,391.5,2.6108048166633746,2.6108048166633746,5.731
0.06899,0.0,25.65,0,0.581,69.7,2.2577,2,188,19.1,389.15,2.6651427000909336,2.6651427000909336,5.87
0.07165,0.0,25.65,0,0.581,84.1,2.1974,2,188,19.1,377.67,2.658159431488745,2.658159431488745,6.004
0.09299,0.0,25.65,0,0.581,92.9,2.0869,2,188,19.1,378.09,2.8864752876170416,2.8864752876170416,5.961
0.15038,0.0,25.65,0,0.581,97.0,1.9444,2,188,19.1,370.31,3.2351427973320726,3.2351427973320726,5.856
0.09849,0.0,25.65,0,0.581,95.8,2.0063,2,188,19.1,379.38,2.866761892257031,2.866761892257031,5.879
0.16902,0.0,25.65,0,0.581,88.4,1.9929,2,188,19.1,385.02,2.6953026282797072,2.6953026282797072,5.986
0.38735,0.0,25.65,0,0.581,95.6,1.7572,2,188,19.1,359.29,3.3054204262683866,3.3054204262683866,5.613
0.25915,0.0,21.89,0,0.624,96.0,1.7883,4,437,21.2,392.11,2.844327819394758,2.844327819394758,5.693
0.32543,0.0,21.89,0,0.624,98.8,1.8125,4,437,21.2,396.9,2.733717947850788,2.733717947850788,6.431
0.88125,0.0,21.89,0,0.624,94.7,1.9799,4,437,21.2,396.9,2.9090844668283187,2.9090844668283187,5.637
0.34006,0.0,21.89,0,0.624,98.9,2.1185,4,437,21.2,395.04,2.533696813957432,2.533696813957432,6.458
1.19294,0.0,21.89,0,0.624,97.7,2.271,4,437,21.2,396.9,2.506341930508065,2.506341930508065,6.326
0.59005,0.0,21.89,0,0.624,97.9,2.3274,4,437,21.2,385.76,2.4087452888224363,2.4087452888224363,6.372
0.32982,0.0,21.89,0,0.624,95.4,2.4699,4,437,21.2,388.69,2.710048203764883,2.710048203764883,5.822
0.97617,0.0,21.89,0,0.624,98.4,2.346,4,437,21.2,262.76,2.851284369188118,2.851284369188118,5.757
0.55778,0.0,21.89,0,0.624,98.2,2.1107,4,437,21.2,394.67,2.830857630363757,2.830857630363757,6.335
0.32264,0.0,21.89,0,0.624,93.5,1.9669,4,437,21.2,378.25,2.8273136219290276,2.8273136219290276,5.942
0.35233,0.0,21.89,0,0.624,98.4,1.8498,4,437,21.2,394.08,2.6803363625346943,2.6803363625346943,6.454
0.2498,0.0,21.89,0,0.624,98.2,1.6686,4,437,21.2,392.04,3.0596455992976437,3.0596455992976437,5.857
0.54452,0.0,21.89,0,0.624,97.9,1.6687,4,437,21.2,396.9,2.9156062290747062,2.9156062290747062,6.151
0.2909,0.0,21.89,0,0.624,93.6,1.6119,4,437,21.2,388.08,3.184698373066614,3.184698373066614,6.174
1.62864,0.0,21.89,0,0.624,100.0,1.4394,4,437,21.2,396.9,3.538347219809389,3.538347219809389,5.304
3.32105,0.0,19.58,1,0.871,100.0,1.3216,5,403,14.7,396.9,3.2891478778535324,3.2891478778535324,5.403
4.0974,0.0,19.58,0,0.871,100.0,1.4118,5,403,14.7,396.9,3.2741212990941793,3.2741212990941793,5.468
2.77974,0.0,19.58,0,0.871,97.8,1.3459,5,403,14.7,396.9,3.377246160839642,3.377246160839642,5.304
2.37934,0.0,19.58,0,0.871,100.0,1.4191,5,403,14.7,172.91,3.3250360206965914,3.3250360206965914,6.13
2.15505,0.0,19.58,0,0.871,100.0,1.5166,5,403,14.7,169.27,2.8124102164264526,2.8124102164264526,5.628
2.36862,0.0,19.58,0,0.871,95.7,1.4608,5,403,14.7,391.71,3.3854066957558313,3.3854066957558313,5.304
2.33099,0.0,19.58,0,0.871,93.8,1.5296,5,403,14.7,356.99,3.343568268825519,3.343568268825519,5.304
2.73397,0.0,19.58,0,0.871,94.9,1.5257,5,403,14.7,351.85,3.065724645374026,3.065724645374026,5.597
1.6566,0.0,19.58,0,0.871,97.3,1.618,5,403,14.7,372.8,2.6461747973841225,2.6461747973841225,6.122
1.49632,0.0,19.58,0,0.871,100.0,1.5916,5,403,14.7,341.6,2.5862591440482876,2.5862591440482876,5.404
1.12658,0.0,19.58,1,0.871,88.0,1.6102,5,403,14.7,343.28,2.4948569806411682,2.4948569806411682,5.304
2.14918,0.0,19.58,0,0.871,98.5,1.6232,5,403,14.7,261.95,2.7593768282675506,2.7593768282675506,5.709
1.41385,0.0,19.58,1,0.871,96.0,1.7494,5,403,14.7,321.02,2.716018370751387,2.716018370751387,6.129
3.53501,0.0,19.58,1,0.871,82.6,1.7455,5,403,14.7,88.01,2.7093826463359885,2.7093826463359885,6.152
2.44668,0.0,19.58,0,0.871,94.0,1.7364,5,403,14.7,88.63,2.7813006628418027,2.7813006628418027,5.304
1.22358,0.0,19.58,0,0.605,97.4,1.8773,5,403,14.7,363.43,1.5238800240724537,1.5238800240724537,6.943
1.34284,0.0,19.58,0,0.605,100.0,1.7573,5,403,14.7,353.89,1.860974538249528,1.860974538249528,6.066
1.42502,0.0,19.58,0,0.871,100.0,1.7659,5,403,14.7,364.31,2.0001277349601105,2.0001277349601105,6.51
1.27346,0.0,19.58,1,0.605,92.6,1.7984,5,403,14.7,338.92,1.7047480922384253,1.7047480922384253,6.25
1.46336,0.0,19.58,0,0.605,90.8,1.9709,5,403,14.7,374.43,0.5481214085096876,0.5481214085096876,7.489
1.83377,0.0,19.58,1,0.605,98.2,2.0407,5,403,14.7,389.61,0.6523251860396901,0.6523251860396901,7.61
1.51902,0.0,19.58,1,0.605,93.9,2.162,5,403,14.7,388.45,1.199964782928397,1.199964782928397,7.61
2.24236,0.0,19.58,0,0.605,91.8,2.422,5,403,14.7,395.11,2.454447442303292,2.454447442303292,5.854
2.924,0.0,19.58,0,0.605,93.0,2.2834,5,403,14.7,240.16,2.2834022735772717,2.2834022735772717,6.101
2.01019,0.0,19.58,0,0.605,96.2,2.0459,5,403,14.7,369.3,1.308332819650179,1.308332819650179,7.61
1.80028,0.0,19.58,0,0.605,79.2,2.4259,5,403,14.7,227.61,2.4965057856313524,2.4965057856313524,5.877
2.3004,0.0,19.58,0,0.605,96.1,2.1,5,403,14.7,297.09,2.4069451083182885,2.4069451083182885,6.319
2.44953,0.0,19.58,0,0.605,95.2,2.2625,5,403,14.7,330.04,2.4265710727750367,2.4265710727750367,6.402
1.20742,0.0,19.58,0,0.605,94.6,2.4259,5,403,14.7,292.29,2.6693093727857793,2.6693093727857793,5.875
2.3139,0.0,19.58,0,0.605,97.3,2.3887,5,403,14.7,348.13,2.4874035299865875,2.4874035299865875,5.88
0.13914,0.0,4.05,0,0.51,88.5,2.5961,5,296,16.6,396.9,2.6871669901857858,2.6871669901857858,5.572
0.09178,0.0,4.05,0,0.51,84.1,2.6463,5,296,16.6,395.5,2.201659174404085,2.201659174404085,6.416
0.08447,0.0,4.05,0,0.51,68.7,2.7019,5,296,16.6,393.23,2.265921108622454,2.265921108622454,5.859
0.06664,0.0,4.05,0,0.51,33.1,3.1323,5,296,16.6,390.96,1.673351238177753,1.673351238177753,6.546
0.07022,0.0,4.05,0,0.51,47.2,3.5549,5,296,16.6,393.23,2.3135250330323798,2.3135250330323798,6.02
0.05425,0.0,4.05,0,0.51,73.4,3.3175,5,296,16.6,395.6,1.8389610707123492,1.8389610707123492,6.315
0.06642,0.0,4.05,0,0.51,74.4,2.9153,5,296,16.6,391.27,1.9344157696295783,1.9344157696295783,6.86
0.0578,0.0,2.46,0,0.488,58.4,2.829,3,193,17.8,396.9,1.6174060820832772,1.6174060820832772,6.98
0.06588,0.0,2.46,0,0.488,83.3,2.741,3,193,17.8,395.56,2.0228711901914416,2.0228711901914416,7.61
0.06888,0.0,2.46,0,0.488,62.2,2.5979,3,193,17.8,396.9,2.2460147415056513,2.2460147415056513,6.144
0.09103,0.0,2.46,0,0.488,92.2,2.7006,3,193,17.8,394.12,1.572773928062509,1.572773928062509,7.155
0.10008,0.0,2.46,0,0.488,95.6,2.847,3,193,17.8,396.9,1.7369512327330598,1.7369512327330598,6.563
0.08308,0.0,2.46,0,0.488,89.8,2.9879,3,193,17.8,391.0,2.637627736805664,2.637627736805664,5.604
0.06047,0.0,2.46,0,0.488,68.8,3.2797,3,193,17.8,387.11,2.5764217586237734,2.5764217586237734,6.153
0.05602,0.0,2.46,0,0.488,53.6,3.1992,3,193,17.8,392.63,1.4929040961781488,1.4929040961781488,7.61
0.07875,45.0,3.44,0,0.437,41.1,3.7886,5,398,15.2,393.87,1.8991179875485542,1.8991179875485542,6.782
0.12579,45.0,3.44,0,0.437,29.1,4.5667,5,398,15.2,382.84,1.5173226235262947,1.5173226235262947,6.556
0.0837,45.0,3.44,0,0.437,38.9,4.5667,5,398,15.2,396.9,1.6845453849209058,1.6845453849209058,7.185
0.09068,45.0,3.44,0,0.437,21.5,6.4798,5,398,15.2,377.68,1.62924053973028,1.62924053973028,6.951
0.06911,45.0,3.44,0,0.437,30.8,6.4798,5,398,15.2,389.71,1.545432582458188,1.545432582458188,6.739
0.08664,45.0,3.44,0,0.437,26.3,6.4798,5,398,15.2,390.49,1.0543120297715298,1.0543120297715298,7.178
0.02187,60.0,2.93,0,0.401,9.9,6.2196,1,265,15.6,393.37,1.6154199841116479,1.6154199841116479,6.8
0.01439,60.0,2.93,0,0.401,18.8,6.2196,1,265,15.6,376.7,1.4770487243883548,1.4770487243883548,6.604
0.01381,80.0,0.46,0,0.422,32.0,5.6484,4,255,14.4,394.23,1.0885619528146082,1.0885619528146082,7.61
0.04011,80.0,1.52,0,0.404,34.1,7.309,2,329,12.6,396.9,1.4060969884160703,1.4060969884160703,7.287
0.04666,80.0,1.52,0,0.404,36.6,7.309,2,329,12.6,354.31,2.152924318439639,2.152924318439639,7.107
0.03768,80.0,1.52,0,0.404,38.3,7.309,2,329,12.6,392.2,1.890095369948917,1.890095369948917,7.274
0.0315,95.0,1.47,0,0.403,15.3,7.6534,3,402,17.0,396.9,1.5173226235262947,1.5173226235262947,6.975
0.01778,95.0,1.47,0,0.403,13.9,7.6534,3,402,17.0,384.3,1.4929040961781488,1.4929040961781488,7.135
0.03445,82.5,2.03,0,0.415,38.4,6.27,2,348,14.7,393.77,2.005525858729668,2.005525858729668,6.162
0.02177,82.5,2.03,0,0.415,15.7,6.27,2,348,14.7,395.38,1.1346227261911428,1.1346227261911428,7.61
0.0351,95.0,2.68,0,0.4161,33.2,5.118,4,224,14.7,392.78,1.3376291891386096,1.3376291891386096,7.61
0.02009,95.0,2.68,0,0.4161,31.9,5.118,4,224,14.7,390.55,1.0577902941478545,1.0577902941478545,7.61
0.13642,0.0,10.59,0,0.489,22.3,3.9454,4,277,18.6,396.9,2.386006701133118,2.386006701133118,5.891
0.22969,0.0,10.59,0,0.489,52.5,4.3549,4,277,18.6,394.87,2.395164274287139,2.395164274287139,6.326
0.25199,0.0,10.59,0,0.489,72.7,4.3549,4,277,18.6,389.43,2.8936995479888394,2.8936995479888394,5.783
0.13587,0.0,10.59,1,0.489,59.1,4.2392,4,277,18.6,381.32,2.6851226964585053,2.6851226964585053,6.064
0.43571,0.0,10.59,1,0.489,100.0,3.875,4,277,18.6,396.9,3.139399623366404,3.139399623366404,5.344
0.17446,0.0,10.59,1,0.489,92.1,3.8771,4,277,18.6,393.25,2.848970892158587,2.848970892158587,5.96
0.37578,0.0,10.59,1,0.489,88.6,3.665,4,277,18.6,395.24,3.177220149599368,3.177220149599368,5.404
0.21719,0.0,10.59,1,0.489,53.8,3.6526,4,277,18.6,390.94,2.7744619666214616,2.7744619666214616,5.807
0.14052,0.0,10.59,0,0.489,32.3,3.9454,4,277,18.6,385.81,2.238579763018133,2.238579763018133,6.375
0.28955,0.0,10.59,0,0.489,9.8,3.5875,4,277,18.6,348.93,3.386083743852107,3.386083743852107,5.412
0.19802,0.0,10.59,0,0.489,42.4,3.9454,4,277,18.6,393.63,2.248128907197987,2.248128907197987,6.182
0.0456,0.0,13.89,1,0.55,56.0,3.1121,5,276,16.4,392.8,2.6034301519721073,2.6034301519721073,5.888
0.07013,0.0,13.89,0,0.55,85.1,3.4211,5,276,16.4,392.78,2.2710944259026746,2.2710944259026746,6.642
0.11069,0.0,13.89,1,0.55,93.8,2.8893,5,276,16.4,396.9,2.8859174075467844,2.8859174075467844,5.951
0.11425,0.0,13.89,1,0.55,92.4,3.3633,5,276,16.4,393.74,2.3513752571634776,2.3513752571634776,6.373
0.35809,0.0,6.2,1,0.507,88.5,2.8617,8,307,17.4,391.7,2.2731562823032334,2.2731562823032334,6.951
0.40771,0.0,6.2,1,0.507,91.3,3.048,8,307,17.4,395.24,3.0661907372025525,3.0661907372025525,6.164
0.62356,0.0,6.2,1,0.507,77.7,3.2721,8,307,17.4,390.39,2.295560478057081,2.295560478057081,6.879
0.6147,0.0,6.2,0,0.507,80.8,3.2721,8,307,17.4,396.9,2.028148247292285,2.028148247292285,6.618
0.31533,0.0,6.2,0,0.504,78.3,2.8944,8,307,17.4,385.05,1.4206957878372228,1.4206957878372228,7.61
0.52693,0.0,6.2,0,0.504,83.0,2.8944,8,307,17.4,382.0,1.5325568680981427,1.5325568680981427,7.61
0.38214,0.0,6.2,0,0.504,86.5,3.2157,8,307,17.4,387.38,1.1410330045520618,1.1410330045520618,7.61
0.41238,0.0,6.2,0,0.504,79.9,3.2157,8,307,17.4,372.08,1.8500283773520307,1.8500283773520307,7.163
0.29819,0.0,6.2,0,0.504,17.0,3.3751,8,307,17.4,377.51,1.366091653802371,1.366091653802371,7.61
0.44178,0.0,6.2,0,0.504,21.4,3.3751,8,307,17.4,380.34,1.324418957401803,1.324418957401803,6.552
0.537,0.0,6.2,0,0.504,68.1,3.6715,8,307,17.4,378.35,2.4553061800117097,2.4553061800117097,5.981
0.46296,0.0,6.2,0,0.504,76.9,3.6715,8,307,17.4,376.14,1.6582280766035324,1.6582280766035324,7.412
0.57529,0.0,6.2,0,0.507,73.3,3.8384,8,307,17.4,385.91,0.9042181506398859,0.9042181506398859,7.61
0.33147,0.0,6.2,0,0.507,70.4,3.6519,8,307,17.4,378.95,1.3737155789130306,1.3737155789130306,7.61
0.44791,0.0,6.2,1,0.507,66.5,3.6519,8,307,17.4,360.2,2.0856720914304723,2.0856720914304723,6.726
0.33045,0.0,6.2,0,0.507,61.5,3.6519,8,307,17.4,376.75,2.3869262414277967,2.3869262414277967,6.086
0.52058,0.0,6.2,1,0.507,76.5,4.148,8,307,17.4,388.45,2.255493485460195,2.255493485460195,6.631
0.51183,0.0,6.2,0,0.507,71.6,4.148,8,307,17.4,390.07,1.5539252025038417,1.5539252025038417,7.358
0.08244,30.0,4.93,0,0.428,18.5,6.1899,6,300,16.6,379.41,1.8500283773520307,1.8500283773520307,6.481
0.09252,30.0,4.93,0,0.428,42.2,6.1899,6,300,16.6,383.78,1.9974177062012453,1.9974177062012453,6.606
0.11329,30.0,4.93,0,0.428,54.3,6.3361,6,300,16.6,391.25,2.431857428698185,2.431857428698185,6.897
0.10612,30.0,4.93,0,0.428,65.1,6.3361,6,300,16.6,394.62,2.517696472610991,2.517696472610991,6.095
0.1029,30.0,4.93,0,0.428,52.9,7.0355,6,300,16.6,372.75,2.4176979000945504,2.4176979000945504,6.358
0.12757,30.0,4.93,0,0.428,7.8,7.0355,6,300,16.6,374.71,1.6467336971777973,1.6467336971777973,6.393
0.20608,22.0,5.86,0,0.431,76.5,7.9549,7,330,19.1,372.49,2.5257286443082556,2.5257286443082556,5.593
0.19133,22.0,5.86,0,0.431,70.2,7.9549,7,330,19.1,389.13,2.9156062290747062,2.9156062290747062,5.605
0.33983,22.0,5.86,0,0.431,34.9,8.0555,7,330,19.1,390.18,2.214846178686039,2.214846178686039,6.108
0.19657,22.0,5.86,0,0.431,79.2,8.0555,7,330,19.1,376.14,2.3174737054877963,2.3174737054877963,6.226
0.16439,22.0,5.86,0,0.431,49.1,7.8265,7,330,19.1,374.71,2.253394848803274,2.253394848803274,6.433
0.19073,22.0,5.86,0,0.431,17.5,7.8265,7,330,19.1,393.74,1.8809906029559975,1.8809906029559975,6.718
0.1403,22.0,5.86,0,0.431,13.0,7.3967,7,330,19.1,396.28,1.7749523509116738,1.7749523509116738,6.487
0.21409,22.0,5.86,0,0.431,8.9,7.3967,7,330,19.1,377.07,1.2781522025001875,1.2781522025001875,6.438
0.08221,22.0,5.86,0,0.431,6.8,8.9067,7,330,19.1,386.09,1.2612978709452054,1.2612978709452054,6.957
0.36894,22.0,5.86,0,0.431,8.4,8.9067,7,330,19.1,396.9,1.264126727145683,1.264126727145683,7.61
0.04819,80.0,3.64,0,0.392,32.0,9.2203,1,315,16.4,392.89,1.8825138324965192,1.8825138324965192,6.108
0.03548,80.0,3.64,0,0.392,19.1,9.2203,1,315,16.4,395.18,2.224623551524334,2.224623551524334,5.876
0.01538,90.0,3.75,0,0.394,34.2,6.3361,3,244,15.9,386.34,1.1346227261911428,1.1346227261911428,7.454
0.61154,20.0,3.97,0,0.647,86.9,1.801,5,264,13.0,389.7,1.6331544390514163,1.6331544390514163,7.61
0.66351,20.0,3.97,0,0.647,100.0,1.8946,5,264,13.0,383.29,2.052840859882657,2.052840859882657,7.333
0.65665,20.0,3.97,0,0.647,100.0,2.0107,5,264,13.0,391.93,1.9315214116032138,1.9315214116032138,6.842
0.54011,20.0,3.97,0,0.647,81.8,2.1121,5,264,13.0,392.8,2.2607208888953467,2.2607208888953467,7.203
0.53412,20.0,3.97,0,0.647,89.4,2.1398,5,264,13.0,388.37,1.9823798288367047,1.9823798288367047,7.52
0.52014,20.0,3.97,0,0.647,91.5,2.2885,5,264,13.0,386.86,1.776645831418007,1.776645831418007,7.61
0.82526,20.0,3.97,0,0.647,94.5,2.0788,5,264,13.0,393.42,2.4203681286504293,2.4203681286504293,7.327
0.55007,20.0,3.97,0,0.647,91.6,1.9301,5,264,13.0,387.89,2.0918640616783932,2.0918640616783932,7.206
0.76162,20.0,3.97,0,0.647,62.8,1.9865,5,264,13.0,392.4,2.34660197841082,2.34660197841082,5.56
0.7857,20.0,3.97,0,0.647,84.6,2.1329,5,264,13.0,384.07,2.6939512767227085,2.6939512767227085,7.014
0.57834,20.0,3.97,0,0.575,67.0,2.4216,5,264,13.0,384.54,2.0068708488450007,2.0068708488450007,7.61
0.5405,20.0,3.97,0,0.575,52.6,2.872,5,264,13.0,390.3,1.1505720275988207,1.1505720275988207,7.47
0.09065,20.0,6.96,1,0.464,61.5,3.9175,3,223,18.6,391.34,2.613739521630969,2.613739521630969,5.92
0.29916,20.0,6.96,0,0.464,42.1,4.429,3,223,18.6,388.65,2.5649493574615367,2.5649493574615367,5.856
0.16211,20.0,6.96,0,0.464,16.3,4.429,3,223,18.6,396.9,1.8855533485144158,1.8855533485144158,6.24
0.1146,20.0,6.96,0,0.464,58.7,3.9175,3,223,18.6,394.96,2.0451088625993306,2.0451088625993306,6.538
0.22188,20.0,6.96,1,0.464,51.8,4.3665,3,223,18.6,390.77,1.884034745337226,1.884034745337226,7.61
0.05644,40.0,6.41,1,0.447,32.9,4.0776,4,254,17.6,396.9,1.2612978709452054,1.2612978709452054,6.758
0.09604,40.0,6.41,0,0.447,42.8,4.2673,4,254,17.6,396.9,1.091923300517313,1.091923300517313,6.854
0.10469,40.0,6.41,1,0.447,49.0,4.7872,4,254,17.6,389.25,1.80005827204275,1.80005827204275,7.267
0.06127,40.0,6.41,1,0.447,27.6,4.8628,4,254,17.6,393.45,1.425515074273172,1.425515074273172,6.826
0.07978,40.0,6.41,0,0.447,32.1,4.1403,4,254,17.6,396.9,1.9726911717329554,1.9726911717329554,6.482
0.21038,20.0,3.33,0,0.4429,32.2,4.1007,5,216,14.9,396.9,1.5789787049493917,1.5789787049493917,6.812
0.03578,20.0,3.33,0,0.4429,64.5,4.6947,5,216,14.9,387.31,1.324418957401803,1.324418957401803,7.61
0.03705,20.0,3.33,0,0.4429,37.2,5.2447,5,216,14.9,392.23,1.5238800240724537,1.5238800240724537,6.968
0.06129,20.0,3.33,1,0.4429,49.7,5.2119,5,216,14.9,377.07,1.1019400787607843,1.1019400787607843,7.61
0.01501,90.0,1.21,1,0.401,24.8,5.885,1,198,13.6,395.52,1.1505720275988207,1.1505720275988207,7.61
0.00906,90.0,2.97,0,0.4,20.8,7.3073,1,285,15.3,394.72,2.060513531794317,2.060513531794317,7.088
0.01096,55.0,2.25,0,0.389,31.9,7.3073,1,300,15.3,394.72,2.1077860146889784,2.1077860146889784,6.453
0.01965,80.0,1.76,0,0.385,31.5,9.0892,1,241,18.2,341.6,2.559550192783766,2.559550192783766,6.23
0.03871,52.5,5.32,0,0.405,31.3,7.3172,6,293,16.6,396.9,1.965712776351493,1.965712776351493,6.209
0.0459,52.5,5.32,0,0.405,45.6,7.3172,6,293,16.6,396.9,2.028148247292285,2.028148247292285,6.315
0.04297,52.5,5.32,0,0.405,22.9,7.3172,6,293,16.6,371.72,2.252343876557299,2.252343876557299,6.565
0.03502,80.0,4.95,0,0.411,27.9,5.1167,4,245,19.2,396.9,1.2029723039923526,1.2029723039923526,6.861
0.07886,80.0,4.95,0,0.411,27.7,5.1167,4,245,19.2,396.9,1.269760544863939,1.269760544863939,7.148
0.03615,80.0,4.95,0,0.411,23.4,5.1167,4,245,19.2,396.9,1.547562508716013,1.547562508716013,6.63
0.08265,0.0,13.92,0,0.437,18.4,5.5027,4,289,16.0,396.9,2.149433913499871,2.149433913499871,6.127
0.08199,0.0,13.92,0,0.437,42.3,5.5027,4,289,16.0,396.9,2.341805806147327,2.341805806147327,6.009
0.12932,0.0,13.92,0,0.437,31.1,5.9604,4,289,16.0,396.9,1.8357763546448294,1.8357763546448294,6.678
0.05372,0.0,13.92,0,0.437,51.0,5.9604,4,289,16.0,392.85,2.0001277349601105,2.0001277349601105,6.549
0.14103,0.0,13.92,0,0.437,58.0,6.32,4,289,16.0,396.9,2.7625383863862796,2.7625383863862796,5.79
0.06466,70.0,2.24,0,0.4,20.1,7.8278,5,358,14.8,368.24,1.6034198401085373,1.6034198401085373,6.345
0.05561,70.0,2.24,0,0.4,10.0,7.8278,5,358,14.8,371.58,1.556037135706985,1.556037135706985,7.041
0.04417,70.0,2.24,0,0.4,47.4,7.8278,5,358,14.8,390.86,1.803358605071407,1.803358605071407,6.871
0.03537,34.0,6.09,0,0.433,40.4,5.4917,7,329,16.1,395.75,2.2512917986064953,2.2512917986064953,6.59
0.09266,34.0,6.09,0,0.433,18.4,5.4917,7,329,16.1,383.61,2.1598687907924505,2.1598687907924505,6.495
0.1,34.0,6.09,0,0.433,17.7,5.4917,7,329,16.1,390.43,1.5810384379124025,1.5810384379124025,6.982
0.05515,33.0,2.18,0,0.472,41.1,4.022,7,222,18.4,393.68,1.9358598132018119,1.9358598132018119,7.236
0.05479,33.0,2.18,0,0.472,58.1,3.37,7,222,18.4,393.36,2.189416394888408,2.189416394888408,6.616
0.07503,33.0,2.18,0,0.472,71.9,3.0992,7,222,18.4,396.9,1.8671761085128091,1.8671761085128091,7.42
0.04932,33.0,2.18,0,0.472,70.3,3.1827,7,222,18.4,396.9,2.018895041811802,2.018895041811802,6.849
0.49298,0.0,9.9,0,0.544,82.5,3.3175,4,304,18.4,396.9,1.5129270120532565,1.5129270120532565,6.635
0.3494,0.0,9.9,0,0.544,76.7,3.1025,4,304,18.4,396.24,2.299580583973747,2.299580583973747,5.972
2.63548,0.0,9.9,0,0.544,37.8,2.5194,4,304,18.4,350.45,2.5368663887187113,2.5368663887187113,5.304
0.79041,0.0,9.9,0,0.544,52.8,2.6403,4,304,18.4,396.9,1.7884205679625405,1.7884205679625405,6.122
0.26169,0.0,9.9,0,0.544,90.4,2.834,4,304,18.4,396.3,2.4612967841488667,2.4612967841488667,6.023
0.26938,0.0,9.9,0,0.544,82.8,3.2628,4,304,18.4,393.39,2.066862759472976,2.066862759472976,6.266
0.3692,0.0,9.9,0,0.544,87.3,3.6023,4,304,18.4,395.69,2.2278615467981093,2.2278615467981093,6.567
0.25356,0.0,9.9,0,0.544,77.7,3.945,4,304,18.4,396.42,2.4423470353692043,2.4423470353692043,5.705
0.31827,0.0,9.9,0,0.544,83.2,3.9986,4,304,18.4,390.7,2.9085390618516134,2.9085390618516134,5.914
0.24522,0.0,9.9,0,0.544,71.7,4.0317,4,304,18.4,396.9,2.768831673362069,2.768831673362069,5.782
0.40202,0.0,9.9,0,0.544,67.2,3.5325,4,304,18.4,395.21,2.337952236831337,2.337952236831337,6.382
0.47547,0.0,9.9,0,0.544,58.8,4.0019,4,304,18.4,396.23,2.543961412569315,2.543961412569315,6.113
0.1676,0.0,7.38,0,0.493,52.3,4.5404,5,287,19.6,396.9,1.9740810260220096,1.9740810260220096,6.426
0.18159,0.0,7.38,0,0.493,54.3,4.5404,5,287,19.6,396.9,1.927164106234258,1.927164106234258,6.376
0.35114,0.0,7.38,0,0.493,49.9,4.7211,5,287,19.6,396.9,2.0412203288596382,2.0412203288596382,6.041
0.28392,0.0,7.38,0,0.493,74.3,4.7211,5,287,19.6,391.13,2.4630018143999504,2.4630018143999504,5.708
0.34109,0.0,7.38,0,0.493,40.1,4.7211,5,287,19.6,396.9,1.8115620965242347,1.8115620965242347,6.415
0.19186,0.0,7.38,0,0.493,14.7,5.4159,5,287,19.6,393.68,1.6253112615903906,1.6253112615903906,6.431
0.30347,0.0,7.38,0,0.493,28.9,5.4159,5,287,19.6,396.9,1.8164520818184267,1.8164520818184267,6.312
0.24103,0.0,7.38,0,0.493,43.7,5.4159,5,287,19.6,396.9,2.548663615590751,2.548663615590751,6.083
0.06617,0.0,3.24,0,0.46,25.8,5.2146,4,430,16.9,382.44,2.299580583973747,2.299580583973747,5.868
0.06724,0.0,3.24,0,0.46,17.2,5.2146,4,430,16.9,375.21,1.9933388426264242,1.9933388426264242,6.333
0.04544,0.0,3.24,0,0.46,32.2,5.8736,4,430,16.9,368.57,2.2071749081893874,2.2071749081893874,6.144
0.05023,35.0,6.06,0,0.4379,28.4,6.6407,1,304,16.9,394.02,2.5201129055226197,2.5201129055226197,5.706
0.03466,35.0,6.06,0,0.4379,23.3,6.6407,1,304,16.9,362.25,2.057962510002712,2.057962510002712,6.031
0.05083,0.0,5.19,0,0.515,38.1,6.4584,5,224,20.2,389.71,1.7369512327330598,1.7369512327330598,6.316
0.03738,0.0,5.19,0,0.515,38.5,6.4584,5,224,20.2,389.4,1.9095425048844386,1.9095425048844386,6.31
0.03961,0.0,5.19,0,0.515,34.5,5.9853,5,224,20.2,396.9,2.080690761080268,2.080690761080268,6.037
0.03427,0.0,5.19,0,0.515,46.3,5.2311,5,224,20.2,396.9,2.2823823856765264,2.2823823856765264,5.869
0.03041,0.0,5.19,0,0.515,59.6,5.615,5,224,20.2,394.81,2.3570732782781154,2.3570732782781154,5.895
0.03306,0.0,5.19,0,0.515,37.3,4.8122,5,224,20.2,396.14,2.1412419425852827,2.1412419425852827,6.059
0.05497,0.0,5.19,0,0.515,45.4,4.8122,5,224,20.2,396.9,2.2762411176544437,2.2762411176544437,5.985
0.06151,0.0,5.19,0,0.515,58.5,4.8122,5,224,20.2,396.9,2.2289385528257473,2.2289385528257473,5.968
0.01301,35.0,1.52,0,0.442,49.3,7.0379,1,284,15.5,394.74,1.7029282555214393,1.7029282555214393,7.241
0.02498,0.0,1.89,0,0.518,59.7,6.2669,1,422,15.9,389.96,2.157559320943788,2.157559320943788,6.54
0.02543,55.0,3.78,0,0.484,56.4,5.7321,5,370,17.6,396.9,1.9712993830601329,1.9712993830601329,6.696
0.03049,55.0,3.78,0,0.484,28.1,6.4654,5,370,17.6,387.97,1.5282278570085572,1.5282278570085572,6.874
0.03113,0.0,4.39,0,0.442,48.5,8.0136,3,352,18.8,385.64,2.354228326145884,2.354228326145884,6.014
0.06162,0.0,4.39,0,0.442,52.3,8.0136,3,352,18.8,364.61,2.5392369943330477,2.5392369943330477,5.898
0.0187,85.0,4.15,0,0.429,27.7,8.5353,4,351,17.9,392.43,1.8500283773520307,1.8500283773520307,6.516
0.01501,80.0,2.01,0,0.435,29.7,8.344,4,280,17.0,390.94,1.7900914121273581,1.7900914121273581,6.635
0.02899,40.0,1.25,0,0.429,34.5,8.7921,1,335,19.7,389.85,1.7732559976634952,1.7732559976634952,6.939
0.06211,40.0,1.25,0,0.429,44.4,8.7921,1,335,19.7,396.9,1.7884205679625405,1.7884205679625405,6.49
0.0795,60.0,1.69,0,0.411,35.9,10.7103,4,411,18.3,370.78,1.7029282555214393,1.7029282555214393,6.579
0.07244,60.0,1.69,0,0.411,18.5,10.7103,4,411,18.3,392.33,2.052840859882657,2.052840859882657,5.884
0.01709,90.0,2.02,0,0.41,36.1,12.1265,5,187,17.0,384.46,1.5040773967762742,1.5040773967762742,6.728
0.04301,80.0,1.91,0,0.413,21.9,10.5857,4,334,22.0,382.8,2.0856720914304723,2.0856720914304723,5.663
0.10659,80.0,1.91,0,0.413,19.5,10.5857,4,334,22.0,376.04,1.7173950539391927,1.7173950539391927,5.936
8.98296,0.0,18.1,1,0.77,97.4,2.1222,24,666,20.2,377.73,2.8678989020441064,2.8678989020441064,6.212
3.8497,0.0,18.1,1,0.77,91.0,2.5052,24,666,20.2,391.34,2.5855058483441162,2.5855058483441162,6.395
5.20177,0.0,18.1,1,0.77,83.4,2.7227,24,666,20.2,395.43,2.4406063908914204,2.4406063908914204,6.127
4.26131,0.0,18.1,0,0.77,81.3,2.5091,24,666,20.2,390.74,2.5392369943330477,2.5392369943330477,6.112
4.54192,0.0,18.1,0,0.77,88.0,2.5182,24,666,20.2,374.56,2.052840859882657,2.052840859882657,6.398
3.83684,0.0,18.1,0,0.77,91.1,2.2955,24,666,20.2,350.65,2.6525374911719513,2.6525374911719513,6.251
3.67822,0.0,18.1,0,0.77,96.2,2.1036,24,666,20.2,380.79,2.321406847234633,2.321406847234633,5.362
4.22239,0.0,18.1,1,0.77,89.0,1.9047,24,666,20.2,353.04,2.6837575085331657,2.6837575085331657,5.803
3.47428,0.0,18.1,1,0.718,82.9,1.9047,24,666,20.2,354.55,1.665818245870208,1.665818245870208,7.61
4.55587,0.0,18.1,0,0.718,87.9,1.6132,24,666,20.2,354.7,1.9629077254238845,1.9629077254238845,5.304
3.69695,0.0,18.1,0,0.718,91.4,1.7523,24,666,20.2,316.03,2.6390573296152584,2.6390573296152584,5.304
13.5222,0.0,18.1,0,0.631,100.0,1.5106,24,666,20.2,131.42,2.5900171341906173,2.5900171341906173,5.304
4.89822,0.0,18.1,0,0.631,100.0,1.3325,24,666,20.2,375.52,1.1817271953786161,1.1817271953786161,5.304
5.66998,0.0,18.1,1,0.631,96.8,1.3567,24,666,20.2,375.33,1.3164082336557241,1.3164082336557241,6.683
6.53876,0.0,18.1,1,0.631,97.5,1.2024,24,666,20.2,392.05,1.085189268335969,1.085189268335969,7.016
9.2323,0.0,18.1,0,0.631,100.0,1.1691,24,666,20.2,366.15,2.254444717666111,2.254444717666111,6.216
8.26725,0.0,18.1,1,0.668,89.6,1.1296,24,666,20.2,347.88,2.1838015570040787,2.1838015570040787,5.875
11.1081,0.0,18.1,0,0.668,100.0,1.1742,24,666,20.2,396.9,3.5487549460197703,3.5487549460197703,5.304
18.4982,0.0,18.1,0,0.668,100.0,1.137,24,666,20.2,396.9,3.636796374243711,3.636796374243711,5.304
19.6091,0.0,18.1,0,0.671,97.9,1.3163,24,666,20.2,396.9,2.5982353350950036,2.5982353350950036,7.313
15.288,0.0,18.1,0,0.671,93.3,1.3449,24,666,20.2,363.02,3.1458749319837103,3.1458749319837103,6.649
9.82349,0.0,18.1,0,0.671,98.8,1.358,24,666,20.2,396.9,3.055886196373738,3.055886196373738,6.794
23.6482,0.0,18.1,0,0.671,96.2,1.3861,24,666,20.2,396.9,3.165053018170694,3.165053018170694,6.38
17.8667,0.0,18.1,0,0.671,100.0,1.3861,24,666,20.2,393.74,3.0809921175048145,3.0809921175048145,6.223
88.9762,0.0,18.1,0,0.671,91.9,1.4165,24,666,20.2,396.9,2.845490610223448,2.845490610223448,6.968
15.8744,0.0,18.1,0,0.671,99.1,1.5192,24,666,20.2,396.9,3.0483247236731614,3.0483247236731614,6.545
9.18702,0.0,18.1,0,0.7,100.0,1.5804,24,666,20.2,396.9,3.1612467120315646,3.1612467120315646,5.536
7.99248,0.0,18.1,0,0.7,100.0,1.5331,24,666,20.2,396.9,3.2011191032789417,3.2011191032789417,5.52
20.0849,0.0,18.1,0,0.7,91.2,1.4395,24,666,20.2,285.83,3.421979920844684,3.421979920844684,5.304
16.8118,0.0,18.1,0,0.7,98.1,1.4261,24,666,20.2,396.9,3.4278393126085764,3.4278393126085764,5.304
24.3938,0.0,18.1,0,0.7,100.0,1.4672,24,666,20.2,396.9,3.342154841028372,3.342154841028372,5.304
22.5971,0.0,18.1,0,0.7,89.5,1.5184,24,666,20.2,396.9,3.4654233539614268,3.4654233539614268,5.304
14.3337,0.0,18.1,0,0.7,100.0,1.5895,24,666,20.2,372.92,3.4216533902295376,3.4216533902295376,5.304
8.15174,0.0,18.1,0,0.7,98.9,1.7281,24,666,20.2,396.9,3.0373539482448106,3.0373539482448106,5.39
6.96215,0.0,18.1,0,0.7,97.0,1.9265,24,666,20.2,394.43,2.839663087904102,2.839663087904102,5.713
5.29305,0.0,18.1,0,0.7,82.5,2.1678,24,666,20.2,378.38,2.9317269435780786,2.9317269435780786,6.051
11.5779,0.0,18.1,0,0.7,97.0,1.77,24,666,20.2,396.9,3.2457124788217606,3.2457124788217606,5.304
8.64476,0.0,18.1,0,0.693,92.6,1.7912,24,666,20.2,396.9,2.719319793360441,2.719319793360441,6.193
13.3598,0.0,18.1,0,0.693,94.7,1.7821,24,666,20.2,396.9,2.7942278973432626,2.7942278973432626,5.887
8.71675,0.0,18.1,0,0.693,98.8,1.7257,24,666,20.2,391.98,2.840247370713596,2.840247370713596,6.471
5.87205,0.0,18.1,0,0.693,96.0,1.6768,24,666,20.2,396.9,2.9637254774189046,2.9637254774189046,6.405
7.67202,0.0,18.1,0,0.693,98.9,1.6334,24,666,20.2,393.1,2.991724252156452,2.991724252156452,5.747
38.3518,0.0,18.1,0,0.693,100.0,1.4896,24,666,20.2,396.9,3.420673158162812,3.420673158162812,5.453
9.91655,0.0,18.1,0,0.693,77.8,1.5004,24,666,20.2,338.16,3.4001968813285717,3.4001968813285717,5.852
25.0461,0.0,18.1,0,0.693,100.0,1.5888,24,666,20.2,396.9,3.2872818575322613,3.2872818575322613,5.987
14.2362,0.0,18.1,0,0.693,100.0,1.5741,24,666,20.2,396.9,3.011605622710281,3.011605622710281,6.343
9.59571,0.0,18.1,0,0.693,100.0,1.639,24,666,20.2,376.11,3.011113375592293,3.011113375592293,6.404
24.8017,0.0,18.1,0,0.693,96.0,1.7028,24,666,20.2,396.9,2.9841656371825254,2.9841656371825254,5.349
41.5292,0.0,18.1,0,0.693,85.4,1.6074,24,666,20.2,329.46,3.3098128198603027,3.3098128198603027,5.531
67.9208,0.0,18.1,0,0.693,100.0,1.4254,24,666,20.2,384.97,3.1346242724206097,3.1346242724206097,5.683
20.7162,0.0,18.1,0,0.659,100.0,1.1781,24,666,20.2,370.22,3.15016862685841,3.15016862685841,5.304
11.9511,0.0,18.1,0,0.659,100.0,1.2852,24,666,20.2,332.09,2.495681722955959,2.495681722955959,5.608
7.40389,0.0,18.1,0,0.597,97.9,1.4547,24,666,20.2,314.64,3.2733640101522705,3.2733640101522705,5.617
14.4383,0.0,18.1,0,0.597,100.0,1.4655,24,666,20.2,179.36,2.984671326194566,2.984671326194566,6.852
51.1358,0.0,18.1,0,0.597,100.0,1.413,24,666,20.2,2.6,2.3135250330323798,2.3135250330323798,5.757
14.0507,0.0,18.1,0,0.597,100.0,1.5275,24,666,20.2,35.05,3.054944133185837,3.054944133185837,6.657
18.811,0.0,18.1,0,0.597,100.0,1.5539,24,666,20.2,28.79,3.5371840908617425,3.5371840908617425,5.304
28.6558,0.0,18.1,0,0.597,100.0,1.5894,24,666,20.2,210.97,2.9997242948235283,2.9997242948235283,5.304
45.7461,0.0,18.1,0,0.693,100.0,1.6582,24,666,20.2,88.27,3.610377225958979,3.610377225958979,5.304
18.0846,0.0,18.1,0,0.679,100.0,1.8347,24,666,20.2,27.25,3.3690184832979204,3.3690184832979204,6.434
10.8342,0.0,18.1,0,0.679,90.8,1.8195,24,666,20.2,21.57,3.2499868198932536,3.2499868198932536,6.782
25.9406,0.0,18.1,0,0.679,89.1,1.6475,24,666,20.2,127.36,3.2824138456721883,3.2824138456721883,5.304
73.5341,0.0,18.1,0,0.679,100.0,1.8026,24,666,20.2,16.45,3.026261478588814,3.026261478588814,5.957
11.8123,0.0,18.1,0,0.718,76.5,1.794,24,666,20.2,48.45,3.12412548832239,3.12412548832239,6.824
11.0874,0.0,18.1,0,0.718,100.0,1.8589,24,666,20.2,318.75,2.7093826463359885,2.7093826463359885,6.411
7.02259,0.0,18.1,0,0.718,95.3,1.8746,24,666,20.2,319.98,2.7536607123542622,2.7536607123542622,6.006
12.0482,0.0,18.1,0,0.614,87.6,1.9512,24,666,20.2,291.55,2.6461747973841225,2.6461747973841225,5.648
7.05042,0.0,18.1,0,0.614,85.1,2.0218,24,666,20.2,2.52,3.1480240838962494,3.1480240838962494,6.103
8.79212,0.0,18.1,0,0.584,70.6,2.0635,24,666,20.2,3.65,2.8425810940598164,2.8425810940598164,5.565
15.8603,0.0,18.1,0,0.679,95.4,1.9096,24,666,20.2,7.68,3.194173212227829,3.194173212227829,5.896
12.2472,0.0,18.1,0,0.584,59.7,1.9976,24,666,20.2,24.65,2.753023566744941,2.753023566744941,5.837
37.6619,0.0,18.1,0,0.679,78.7,1.8629,24,666,20.2,18.82,2.67552700939665,2.67552700939665,6.202
7.36711,0.0,18.1,0,0.679,78.1,1.9356,24,666,20.2,96.73,3.0689827352935835,3.0689827352935835,6.193
9.33889,0.0,18.1,0,0.679,95.6,1.9682,24,666,20.2,60.72,3.1813816204406202,3.1813816204406202,6.38
8.49213,0.0,18.1,0,0.584,86.1,2.0527,24,666,20.2,83.45,2.8701690505786455,2.8701690505786455,6.348
10.0623,0.0,18.1,0,0.584,94.3,2.0882,24,666,20.2,81.33,2.9801108926510342,2.9801108926510342,6.833
6.44405,0.0,18.1,0,0.584,74.8,2.2004,24,666,20.2,97.95,2.4874035299865875,2.4874035299865875,6.425
5.58107,0.0,18.1,0,0.713,87.9,2.3158,24,666,20.2,100.19,2.7862450486872667,2.7862450486872667,6.436
13.9134,0.0,18.1,0,0.713,95.0,2.2222,24,666,20.2,100.63,2.719319793360441,2.719319793360441,6.208
11.1604,0.0,18.1,0,0.74,94.6,2.1247,24,666,20.2,109.85,3.1471649773142003,3.1471649773142003,6.629
14.4208,0.0,18.1,0,0.74,93.3,2.0026,24,666,20.2,27.49,2.89314568477889,2.89314568477889,6.461
15.1772,0.0,18.1,0,0.74,100.0,1.9142,24,666,20.2,9.32,3.2752561583043085,3.2752561583043085,6.152
13.6781,0.0,18.1,0,0.74,87.9,1.8206,24,666,20.2,68.95,3.5269485869677157,3.5269485869677157,5.935
9.39063,0.0,18.1,0,0.74,93.9,1.8172,24,666,20.2,396.9,3.130263166511597,3.130263166511597,5.627
22.0511,0.0,18.1,0,0.74,92.4,1.8662,24,666,20.2,391.45,3.096029994869355,3.096029994869355,5.818
9.72418,0.0,18.1,0,0.74,97.2,2.0651,24,666,20.2,385.96,2.9714395809849465,2.9714395809849465,6.406
5.66637,0.0,18.1,0,0.74,100.0,2.0048,24,666,20.2,395.69,2.808800104202353,2.808800104202353,6.219
9.96654,0.0,18.1,0,0.74,100.0,1.9784,24,666,20.2,386.73,2.93651291389402,2.93651291389402,6.485
12.8023,0.0,18.1,0,0.74,96.6,1.8956,24,666,20.2,240.52,3.1692653243148663,3.1692653243148663,5.854
10.6718,0.0,18.1,0,0.74,94.8,1.9879,24,666,20.2,43.06,3.177220149599368,3.177220149599368,6.459
6.28807,0.0,18.1,0,0.74,96.4,2.072,24,666,20.2,318.01,2.8786365016777435,2.8786365016777435,6.341
9.92485,0.0,18.1,0,0.74,96.6,2.198,24,666,20.2,388.52,2.799717389628034,2.799717389628034,6.251
9.32909,0.0,18.1,0,0.713,98.7,2.2616,24,666,20.2,396.9,2.8975680247667595,2.8975680247667595,6.185
7.52601,0.0,18.1,0,0.713,98.3,2.185,24,666,20.2,304.21,2.960623096440423,2.960623096440423,6.417
6.71772,0.0,18.1,0,0.713,92.6,2.3236,24,666,20.2,0.32,2.8587664184808337,2.8587664184808337,6.749
5.44114,0.0,18.1,0,0.713,98.2,2.3552,24,666,20.2,355.29,2.8752581200861167,2.8752581200861167,6.655
5.09017,0.0,18.1,0,0.713,91.8,2.3682,24,666,20.2,385.09,2.848970892158587,2.848970892158587,6.297
8.24809,0.0,18.1,0,0.713,99.3,2.4527,24,666,20.2,375.87,2.817801065061329,2.817801065061329,7.393
9.51363,0.0,18.1,0,0.713,94.1,2.4961,24,666,20.2,6.68,2.9290581402859983,2.9290581402859983,6.728
4.75237,0.0,18.1,0,0.713,86.5,2.4358,24,666,20.2,50.92,2.8975680247667595,2.8975680247667595,6.525
4.66883,0.0,18.1,0,0.713,87.9,2.5806,24,666,20.2,10.48,2.944965156500338,2.944965156500338,5.976
8.20058,0.0,18.1,0,0.713,80.3,2.7792,24,666,20.2,3.5,2.8296776892239084,2.8296776892239084,5.936
7.75223,0.0,18.1,0,0.713,83.7,2.7831,24,666,20.2,272.21,2.7868613815264998,2.7868613815264998,6.301
6.80117,0.0,18.1,0,0.713,84.4,2.7175,24,666,20.2,396.9,2.6878474937846906,2.6878474937846906,6.081
4.81213,0.0,18.1,0,0.713,90.0,2.5975,24,666,20.2,255.23,2.7985001040242823,2.7985001040242823,6.701
3.69311,0.0,18.1,0,0.713,88.4,2.5671,24,666,20.2,391.43,2.6844403354630764,2.6844403354630764,6.376
6.65492,0.0,18.1,0,0.713,83.0,2.7344,24,666,20.2,396.9,2.63834278867739,2.63834278867739,6.317
5.82115,0.0,18.1,0,0.713,89.9,2.8016,24,666,20.2,393.82,2.331172549845958,2.331172549845958,6.513
7.83932,0.0,18.1,0,0.655,65.4,2.9634,24,666,20.2,396.9,2.5817308344235403,2.5817308344235403,6.209
3.1636,0.0,18.1,0,0.655,48.2,3.0665,24,666,20.2,334.4,2.6483001966964363,2.6483001966964363,5.759
3.77498,0.0,18.1,0,0.655,84.7,2.8715,24,666,20.2,22.01,2.8419981736119486,2.8419981736119486,5.952
4.42228,0.0,18.1,0,0.584,94.5,2.5403,24,666,20.2,331.29,3.0596455992976437,3.0596455992976437,6.003
15.5757,0.0,18.1,0,0.58,71.0,2.9084,24,666,20.2,368.74,2.8975680247667595,2.8975680247667595,5.926
13.0751,0.0,18.1,0,0.58,56.7,2.8237,24,666,20.2,396.9,2.6919208191723265,2.6919208191723265,5.713
4.34879,0.0,18.1,0,0.58,84.0,3.0334,24,666,20.2,396.9,2.790551422613954,2.790551422613954,6.167
4.03841,0.0,18.1,0,0.532,90.7,3.0993,24,666,20.2,395.33,2.554899021608035,2.554899021608035,6.229
3.56868,0.0,18.1,0,0.58,75.0,2.8965,24,666,20.2,393.37,2.664446563620078,2.664446563620078,6.437
4.64689,0.0,18.1,0,0.614,67.6,2.5329,24,666,20.2,374.68,2.4561641809223462,2.4561641809223462,6.98
8.05579,0.0,18.1,0,0.584,95.4,2.4298,24,666,20.2,352.58,2.8981194446869907,2.8981194446869907,5.427
6.39312,0.0,18.1,0,0.584,97.4,2.206,24,666,20.2,302.76,3.1822118404966093,3.1822118404966093,6.162
4.87141,0.0,18.1,0,0.614,93.6,2.3053,24,666,20.2,396.21,2.9274534328006965,2.9274534328006965,6.484
15.0234,0.0,18.1,0,0.614,97.3,2.1007,24,666,20.2,349.48,3.215269329274089,3.215269329274089,5.304
10.233,0.0,18.1,0,0.614,96.7,2.1705,24,666,20.2,379.7,2.8920370372152258,2.8920370372152258,6.185
14.3337,0.0,18.1,0,0.614,88.0,1.9512,24,666,20.2,383.32,2.5733752977756086,2.5733752977756086,6.229
5.82401,0.0,18.1,0,0.532,64.7,3.4242,24,666,20.2,396.9,2.3739750890807185,2.3739750890807185,6.242
5.70818,0.0,18.1,0,0.532,74.9,3.3317,24,666,20.2,393.07,2.046401687601636,2.046401687601636,6.75
5.73116,0.0,18.1,0,0.532,77.0,3.4106,24,666,20.2,395.28,1.9473377010464987,1.9473377010464987,7.061
2.81838,0.0,18.1,0,0.532,40.3,4.0983,24,666,20.2,392.92,2.343727036325221,2.343727036325221,5.762
2.37857,0.0,18.1,0,0.583,41.9,3.724,24,666,20.2,370.73,2.590767040487478,2.590767040487478,5.871
3.67367,0.0,18.1,0,0.583,51.9,3.9917,24,666,20.2,388.62,2.3589654264301534,2.3589654264301534,6.312
5.69175,0.0,18.1,0,0.583,79.8,3.5459,24,666,20.2,392.68,2.7067159780890733,2.7067159780890733,6.114
4.83567,0.0,18.1,0,0.583,53.2,3.1523,24,666,20.2,388.22,2.4379897300002487,2.4379897300002487,5.905
0.15086,0.0,27.74,0,0.609,92.7,1.8209,4,711,20.1,395.09,2.8936995479888394,2.8936995479888394,5.454
0.18337,0.0,27.74,0,0.609,98.3,1.7554,4,711,20.1,344.05,3.176803048446293,3.176803048446293,5.414
0.20746,0.0,27.74,0,0.609,98.0,1.8226,4,711,20.1,318.43,3.39047341829918,3.39047341829918,5.304
0.10574,0.0,27.74,0,0.609,98.8,1.8681,4,711,20.1,390.11,2.8942531046041373,2.8942531046041373,5.983
0.11132,0.0,27.74,0,0.609,83.5,2.1099,4,711,20.1,396.9,2.5915163848462583,2.5915163848462583,5.983
0.17331,0.0,9.69,0,0.585,54.0,2.3817,6,391,19.2,396.9,2.485739636091892,2.485739636091892,5.707
0.27957,0.0,9.69,0,0.585,42.6,2.3817,6,391,19.2,396.9,2.6093342281630525,2.6093342281630525,5.926
0.17899,0.0,9.69,0,0.585,28.8,2.7986,6,391,19.2,393.29,2.8678989020441064,2.8678989020441064,5.67
0.2896,0.0,9.69,0,0.585,72.9,2.7986,6,391,19.2,396.9,3.051166980442092,3.051166980442092,5.39
0.26838,0.0,9.69,0,0.585,70.6,2.8927,6,391,19.2,396.9,2.6461747973841225,2.6461747973841225,5.794
0.23912,0.0,9.69,0,0.585,65.3,2.4091,6,391,19.2,396.9,2.558776498354456,2.558776498354456,6.019
0.17783,0.0,9.69,0,0.585,73.5,2.3999,6,391,19.2,395.77,2.714694743820879,2.714694743820879,5.569
0.22438,0.0,9.69,0,0.585,79.7,2.4982,6,391,19.2,396.9,2.6623552418400807,2.6623552418400807,6.027
0.06263,0.0,11.93,0,0.573,69.1,2.4786,1,273,21.0,391.99,2.269028309465203,2.269028309465203,6.593
0.04527,0.0,11.93,0,0.573,76.7,2.2875,1,273,21.0,396.9,2.206074192613202,2.206074192613202,6.12
0.06076,0.0,11.93,0,0.573,91.0,2.1675,1,273,21.0,396.9,1.7298840655099674,1.7298840655099674,6.976
0.10959,0.0,11.93,0,0.573,89.3,2.3889,1,273,21.0,393.45,1.8687205103641833,1.8687205103641833,6.794
0.04741,0.0,11.93,0,0.573,80.8,2.505,1,273,21.0,396.9,2.064327903869788,2.064327903869788,6.03
