indus,chas,nox,rm,age,tax,ptratio,lstat,log_crime,log_dis,log_rad,log_medv,box_zn,log_b
2.31,0,0.538,6.575,65.2,296,15.3,4.98,-5.064036070823371,1.4085449700547104,0.0,1.6054298910365616,1.0277742834318027,0.0
7.07,0,0.469,6.421,78.9,242,17.8,9.14,-3.6005023434965233,1.602836168799538,0.6931471805599453,2.2126603854660587,0.0,0.0
7.07,0,0.469,7.185,61.1,242,17.8,4.03,-3.60123494426189,1.602836168799538,0.6931471805599453,1.3937663759585917,0.0,1.6233408176030903
2.18,0,0.458,6.998,45.8,222,18.7,2.94,-3.430523211043984,1.802072770503119,1.0986122886681098,1.0784095813505903,0.0,1.1847899849091565
2.18,0,0.458,7.147,54.2,222,18.7,5.33,-2.672924399126836,1.802072770503119,1.0986122886681098,1.673351238177753,0.0,0.0
2.18,0,0.458,6.43,58.7,222,18.7,5.21,-3.511570439143526,1.802072770503119,1.0986122886681098,1.6505798557652755,0.0,1.329724009631489
7.87,0,0.524,6.012,66.6,311,15.2,12.43,-2.427128428068646,1.7156880322767596,1.6094379124341003,2.5201129055226197,0.9999151683146017,0.8329091229350842
7.87,0,0.524,6.172,96.1,311,15.2,19.15,-1.934129810519782,1.7834752496403574,1.6094379124341003,2.952302715626655,0.9999151683146017,0.0
7.87,0,0.524,5.631,100.0,311,15.2,29.93,-1.5547603511434045,1.805350031079887,1.6094379124341003,3.3988613218646075,0.9999151683146017,2.4221443280516834
7.87,0,0.524,6.004,85.9,311,15.2,17.1,-1.7717215754915476,1.8858719623950215,1.6094379124341003,2.8390784635086144,0.9999151683146017,2.4150205223238337
7.87,0,0.524,6.377,94.3,311,15.2,20.45,-1.492143885211743,1.8479349927821578,1.6094379124341003,3.017982882488811,0.9999151683146017,1.6826883741736922
7.87,0,0.524,6.009,82.9,311,15.2,13.27,-2.1415722971463422,1.8288464974373158,1.6094379124341003,2.5855058483441162,0.9999151683146017,0.0
7.87,0,0.524,5.889,39.0,311,15.2,15.71,-2.3668036653206967,1.6957807326561167,1.6094379124341003,2.75429745226753,0.9999151683146017,2.001480000210121
8.14,0,0.538,5.949,61.8,307,21.0,8.26,-0.46241648455830314,1.5491569815491704,1.3862943611198906,2.1114245875328868,0.0,0.0
8.14,0,0.538,6.096,84.5,307,21.0,10.26,-0.44947969352758377,1.4955746842845248,1.3862943611198906,2.3282528397426234,0.0,2.8836827697453677
8.14,0,0.538,5.834,56.5,307,21.0,8.47,-0.4661869221476103,1.5037662372600613,1.3862943611198906,2.136530508663963,0.0,0.8241754429663375
8.14,0,0.538,5.935,29.3,307,21.0,6.58,0.05252603425144661,1.5037662372600613,1.3862943611198906,1.884034745337226,0.0,2.4024304279637576
8.14,0,0.538,5.99,81.7,307,21.0,14.67,-0.2430911891239058,1.4487760809911847,1.3862943611198906,2.6858045921548905,0.0,2.4114394979061258
8.14,0,0.538,5.456,36.6,307,21.0,11.69,-0.2197617759678016,1.3340795896711515,1.3862943611198906,2.458733775483977,0.0,4.690521853087595
8.14,0,0.538,5.727,69.5,307,21.0,11.28,-0.3204807842031671,1.3340795896711515,1.3862943611198906,2.423031246069913,0.0,1.938741659576699
8.14,0,0.538,5.57,98.1,307,21.0,21.02,0.22457452697999086,1.3344482823962802,1.3862943611198906,3.045474365448805,0.0,3.0601145324832584
8.14,0,0.538,5.965,89.2,307,21.0,13.83,-0.1601218048980534,1.3893646429771087,1.3862943611198906,2.626840145676667,0.0,1.6808279085207742
8.14,0,0.538,6.142,91.7,307,21.0,18.72,0.20902028586767565,1.3805026213280807,1.3862943611198906,2.929592471049446,0.0,0.0
8.14,0,0.538,5.813,100.0,307,21.0,19.88,-0.011637453244120754,1.4098155561612364,1.3862943611198906,2.989714201228428,0.0,1.2119409739751
8.14,0,0.538,5.924,94.1,307,21.0,16.3,-0.2873354658601195,1.4815136277008245,1.3862943611198906,2.791165107812717,0.0,1.2725655957915458
8.14,0,0.538,5.599,85.7,307,21.0,16.51,-0.17371073654605956,1.4939372701352471,1.3862943611198906,2.8039662579320366,0.0,4.548388171889107
8.14,0,0.538,5.813,90.3,307,21.0,14.81,-0.397630875999648,1.5437253690687192,1.3862943611198906,2.6953026282797072,0.0,3.045474365448804
8.14,0,0.538,6.047,88.8,307,21.0,17.28,-0.04523798065019433,1.49366784938822,1.3862943611198906,2.8495497633759097,0.0,4.5165575276314875
8.14,0,0.538,6.495,94.4,307,21.0,12.8,-0.2574891670890018,1.4939597185879885,1.3862943611198906,2.5494451709255714,0.0,2.2985770715965046
8.14,0,0.538,6.674,87.3,307,21.0,11.98,0.002447003643051847,1.4443273923705,1.3862943611198906,2.4832385926873033,0.0,2.8718682863316025
8.14,0,0.538,5.713,94.1,307,21.0,22.6,0.12293419009497764,1.4429109615387865,1.3862943611198906,3.1179499062782403,0.0,3.630455533976218
8.14,0,0.538,6.072,100.0,307,21.0,13.04,0.30359479091182995,1.4291143583028187,1.3862943611198906,2.5680215564985067,0.0,3.052585085146772
8.14,0,0.538,5.95,82.0,307,21.0,27.71,0.3278566574477085,1.3837912309017721,1.3862943611198906,3.321793358874887,0.0,5.107762004826978
8.14,0,0.538,5.701,95.0,307,21.0,18.35,0.14125647717535533,1.3316269597775825,1.3862943611198906,2.9096295745005794,0.0,3.6668894362223208
8.14,0,0.538,6.096,96.9,307,21.0,20.34,0.477984199611674,1.324365764497724,1.3862943611198906,3.012589390620414,0.0,5.007898218386369
5.96,0,0.499,5.933,68.2,279,19.2,9.68,-2.746219467219713,1.2120302557036664,1.6094379124341003,2.2700619012884857,0.0,0.0
5.96,0,0.499,5.841,61.4,279,19.2,11.41,-2.3285184750205503,1.2172542146318501,1.6094379124341003,2.4344901638739844,0.0,3.0125893906204126
5.96,0,0.499,5.85,41.5,279,19.2,8.77,-2.5239801737741385,1.3697075575154918,1.6094379124341003,2.1713368063840917,0.0,0.0
5.96,0,0.499,5.966,30.2,279,19.2,10.13,-1.7426836315814622,1.3473716035734287,1.6094379124341003,2.315501318260592,0.0,1.497388408625471
2.95,0,0.428,6.595,21.8,252,18.3,4.32,-3.5888531400468118,1.68660263652915,1.0986122886681098,1.463255402256019,1.0827052113461675,0.8197798314933032
2.95,0,0.428,7.024,15.8,252,18.3,1.98,-3.3935268753579355,1.68660263652915,1.0986122886681098,0.6830968447064438,1.0827052113461675,0.8241754429663375
6.91,0,0.448,6.77,2.9,233,17.9,4.84,-2.060109613380344,1.7441261356719917,1.0986122886681098,1.5769147207285403,0.0,2.5249283241374827
6.91,0,0.448,6.169,6.6,233,17.9,5.81,-1.9554555618988447,1.7441261356719917,1.0986122886681098,1.7595805708638197,0.0,2.67621547758219
6.91,0,0.448,6.211,6.5,233,17.9,7.44,-1.8365894851458489,1.7441261356719917,1.0986122886681098,2.0068708488450007,0.0,1.2354714713853063
6.91,0,0.448,6.069,40.0,233,17.9,9.55,-2.098094430179046,1.7441261356719917,1.0986122886681098,2.256541154492639,0.0,2.1412419425852818
6.91,0,0.448,5.682,33.8,233,17.9,10.21,-1.7636385935114005,1.6293189680272497,1.0986122886681098,2.3233676321765744,0.0,0.0
6.91,0,0.448,5.786,33.3,233,17.9,14.15,-1.6694002536067831,1.6293189680272497,1.0986122886681098,2.649714624089247,0.0,0.0
6.91,0,0.448,6.03,85.5,233,17.9,18.8,-1.4728549306475662,1.7386047944235348,1.0986122886681098,2.9338568698359038,0.0,1.6409365794934652
6.91,0,0.448,5.399,95.3,233,17.9,30.81,-1.3709329540071915,1.7698546338400052,1.0986122886681098,3.4278393126085764,0.0,0.0
6.91,0,0.448,5.602,62.0,233,17.9,16.2,-1.5151737340440177,1.806270342078466,1.0986122886681098,2.785011242238338,0.0,0.0
5.64,0,0.439,5.963,45.7,243,16.8,13.45,-2.4221572281348904,1.9190820436366434,1.3862943611198906,2.598979106047848,1.03732399164568,0.8501509293695994
5.64,0,0.439,6.115,63.0,243,16.8,9.43,-3.137987321134862,1.9190820436366434,1.3862943611198906,2.2438960966453663,1.03732399164568,1.3686394258811572
5.64,0,0.439,6.511,21.1,243,16.8,5.28,-2.926206210905381,1.9190820436366434,1.3862943611198906,1.6639260977181702,1.03732399164568,0.0
5.64,0,0.439,5.998,21.4,243,16.8,8.43,-2.9995395118969452,1.9190820436366434,1.3862943611198906,2.131796772013764,1.03732399164568,0.0
4.0,0,0.41,5.888,47.6,469,21.1,14.8,-4.29768548624013,1.990569343526812,1.0986122886681098,2.6946271807700692,1.0827052113461675,0.0
1.22,0,0.403,7.249,21.9,226,17.9,4.81,-4.334379981206529,2.162932144678819,1.6094379124341003,1.5706970841176697,1.0860009389467897,0.6780335427498821
0.74,0,0.41,6.383,35.7,313,17.3,5.77,-3.8848943380398935,2.2178547488334623,0.6931471805599453,1.7526720805200082,1.0850241906005584,0.0
1.32,0,0.411,6.816,40.5,256,15.1,3.95,-4.2460981174496375,2.119239011553902,1.6094379124341003,1.3737155789130306,1.0876769268591884,1.6094379124341003
5.13,0,0.453,6.145,29.2,284,19.7,6.86,-1.8678848596175464,2.0560193717353434,2.0794415416798357,1.925707441737794,1.0467676072884475,1.9768549529047308
5.13,0,0.453,5.927,47.2,284,19.7,9.22,-2.27031153244375,1.9361483718533596,2.0794415416798357,2.2213750375685026,1.0467676072884475,0.0
5.13,0,0.453,5.741,66.2,284,19.7,13.15,-1.901663624935754,1.977602595787803,2.0794415416798357,2.5764217586237734,1.0467676072884475,1.0260415958332612
5.13,0,0.453,5.966,93.4,284,19.7,14.44,-1.7619482716564259,1.9196395063157516,2.0794415416798357,2.67000213346468,1.0467676072884475,2.9866915289018414
5.13,0,0.453,6.456,67.8,284,19.7,6.73,-2.20482337521155,1.9776164357562482,2.0794415416798357,1.9065751436566365,1.0467676072884475,0.0
5.13,0,0.453,6.762,43.4,284,19.7,9.5,-2.0675129708145623,2.077051187057198,2.0794415416798357,2.2512917986064953,1.0467676072884475,0.8415671856782156
1.38,0,0.4161,7.104,59.5,216,18.6,8.05,-3.9368281243471173,2.221689521735732,1.0986122886681098,2.0856720914304723,1.0258967208238021,1.5390154481375478
3.37,0,0.398,6.29,17.8,337,16.1,4.67,-3.3286906908754075,1.8888105570147407,1.3862943611198906,1.541159071680806,1.08393289129948,0.0
3.37,0,0.398,5.787,31.1,337,16.1,10.24,-3.12834979816883,1.8888105570147407,1.3862943611198906,2.3263016196113617,1.08393289129948,0.0
6.07,0,0.409,5.878,21.4,345,18.9,8.1,-2.849210620891224,1.8714944372469087,1.3862943611198906,2.0918640616783932,0.9999151683146017,0.5247285289349808
6.07,0,0.409,5.594,36.8,345,18.9,13.09,-1.9984884792741702,1.8714944372469087,1.3862943611198906,2.5718485799218085,0.9999151683146017,0.0
6.07,0,0.409,5.885,33.0,345,18.9,8.79,-2.054475795662088,1.8714944372469087,1.3862943611198906,2.1736147116970854,0.9999151683146017,0.0
10.81,0,0.413,6.417,6.6,305,19.2,6.72,-2.4274682751407357,1.665307718597909,1.3862943611198906,1.9050881545350582,0.0,2.651127053702586
10.81,0,0.413,5.961,17.5,305,19.2,9.88,-1.8403616510672725,1.665307718597909,1.3862943611198906,2.2905125117597764,0.0,3.0426158594528405
10.81,0,0.413,6.065,7.8,305,19.2,5.52,-2.389887421396842,1.665307718597909,1.3862943611198906,1.7083778602890038,0.0,1.9444805562457121
10.81,0,0.413,6.245,6.2,305,19.2,7.54,-1.632757717755717,1.665307718597909,1.3862943611198906,2.020222182019865,0.0,3.031581926447686
12.83,0,0.437,6.273,6.0,398,18.7,6.78,-2.538813883856911,1.4472718618437102,1.6094379124341003,1.9139771019523042,0.0,1.0919233005173001
12.83,0,0.437,6.286,45.0,398,18.7,8.94,-2.3526160265996108,1.5046550077047365,1.6094379124341003,2.190535589185423,0.0,2.6858045921548874
12.83,0,0.437,6.279,74.5,398,18.7,11.97,-2.2874009576690058,1.3992599435099138,1.6094379124341003,2.482403519569882,0.0,3.188004161201112
12.83,0,0.437,6.14,45.8,398,18.7,10.27,-2.441042886141613,1.4086672119716157,1.6094379124341003,2.329227023940467,0.0,2.3924257969938347
12.83,0,0.437,6.232,53.7,398,18.7,12.34,-2.8742228561567935,1.6122539436935819,1.6094379124341003,2.5128460184772416,0.0,2.4423470353692043
12.83,0,0.437,5.874,36.6,398,18.7,9.1,-2.478487297985817,1.5046550077047365,1.6094379124341003,2.2082744135228043,0.0,0.6097655716208806
4.86,0,0.426,6.727,33.5,281,19.0,5.29,-3.1910174967398044,1.6865285747986638,1.3862943611198906,1.665818245870208,1.0467676072884475,0.0
4.86,0,0.426,6.619,70.4,281,19.0,7.22,-3.1095730899777507,1.6865285747986638,1.3862943611198906,1.9768549529047348,1.0467676072884475,0.8197798314933032
4.86,0,0.426,6.302,32.2,281,19.0,6.72,-3.3079802999510215,1.6865285747986638,1.3862943611198906,1.9050881545350582,1.0467676072884475,0.0
4.86,0,0.426,6.167,46.7,281,19.0,7.51,-3.3379409320271405,1.6865285747986638,1.3862943611198906,2.0162354657760435,1.0467676072884475,1.9823798288367034
4.49,0,0.449,6.389,48.0,247,18.5,9.62,-2.9840013506782923,1.5643150156121397,1.0986122886681098,2.263844264677615,0.0,0.0
4.49,0,0.449,6.63,56.1,247,18.5,6.53,-2.8585824354067575,1.4901362242084286,1.0986122886681098,1.8764069432883397,0.0,1.7227665977410975
4.49,0,0.449,6.015,45.1,247,18.5,12.86,-2.958821919533894,1.4877673300505243,1.0986122886681098,2.554121718809473,0.0,0.6471032420585219
4.49,0,0.449,6.121,56.8,247,18.5,8.44,-2.6379179789218323,1.321115635094896,1.0986122886681098,2.1329823086078656,0.0,1.0116009116784799
3.41,0,0.489,7.007,86.3,270,17.8,5.5,-2.871746293773,1.2301375035965438,0.6931471805599453,1.7047480922384253,0.0,0.0
3.41,0,0.489,7.079,63.1,270,17.8,5.7,-2.9370860781212578,1.2280310694190069,0.6931471805599453,1.7404661748405046,0.0,0.6097655716208806
3.41,0,0.489,6.417,66.1,270,17.8,8.81,-3.0610177402526206,1.1289151505981556,0.6931471805599453,2.175887439948088,0.0,1.7439688053917013
3.41,0,0.489,6.405,73.9,270,17.8,8.2,-3.2360219837031714,1.1288504717287196,0.6931471805599453,2.1041341542702074,0.0,1.4701758451005849
15.04,0,0.464,6.442,53.6,270,18.2,8.16,-3.1693716299651116,1.2990738713586183,1.3862943611198906,2.0992441689760155,1.0522120991357176,1.061256502124336
15.04,0,0.464,6.211,28.9,270,18.2,6.21,-3.5491175117387774,1.2990738713586183,1.3862943611198906,1.8261608959453874,1.0522120991357176,0.45107561936021234
15.04,0,0.464,6.249,77.3,270,18.2,10.59,-3.147951486531502,1.285091855610728,1.3862943611198906,2.359910159613315,1.0522120991357176,0.0
2.89,0,0.445,6.625,57.8,276,18.0,6.65,-2.1034064191336683,1.251390598655089,0.6931471805599453,1.8946168546677629,0.0,3.6868774514432623
2.89,0,0.445,6.163,69.6,276,18.0,11.34,-2.1624753850094005,1.251390598655089,0.6931471805599453,2.428336298299606,0.0,1.8033586050714057
2.89,0,0.445,8.069,76.0,276,18.0,4.21,-2.1133706799429204,1.251390598655089,0.6931471805599453,1.43746264769429,0.0,0.0
2.89,0,0.445,7.82,36.9,276,18.0,3.57,-2.5026226555937803,1.251390598655089,0.6931471805599453,1.2725655957915476,0.0,1.4747630091075
2.89,0,0.445,7.416,62.5,276,18.0,6.19,-2.6794627442502974,1.251390598655089,0.6931471805599453,1.8229350866965048,0.0,0.0
8.56,0,0.52,6.727,79.9,384,20.9,9.42,-1.9060934596849897,1.0216592474999815,1.6094379124341003,2.2428350885882717,0.0,1.1442227999201577
8.56,0,0.52,6.781,71.3,384,20.9,7.67,-2.168753745360525,1.0494570578699642,1.6094379124341003,2.0373166153791646,0.0,0.8415671856782156
8.56,0,0.52,6.405,85.4,384,20.9,10.63,-1.4750818599350217,0.9986814500430602,1.6094379124341003,2.363680192353857,0.0,5.790265934544338
8.56,0,0.52,6.137,87.4,384,20.9,13.44,-1.5530103211354571,0.9986814500430602,1.6094379124341003,2.5982353350950036,0.0,1.232560261177834
8.56,0,0.52,6.167,90.0,384,20.9,12.33,-1.968974088653865,0.8841806779559214,1.6094379124341003,2.512035317176253,0.0,1.6505798557652716
8.56,0,0.52,5.851,96.7,384,20.9,16.47,-2.0202673830414155,0.7452176728509474,1.6094379124341003,2.8015405441895487,0.0,1.348073148299684
8.56,0,0.52,5.836,91.9,384,20.9,18.66,-1.7649228152744953,0.7934449018753091,1.6094379124341003,2.926382195419198,0.0,0.8020015854720101
8.56,0,0.52,6.127,85.2,384,20.9,14.09,-2.0312610871550825,0.7525475238413928,1.6094379124341003,2.645465325910589,0.0,2.323367632176572
8.56,0,0.52,6.474,97.1,384,20.9,12.27,-2.0555687772682796,0.8890839614359387,1.6094379124341003,2.50715725872282,0.0,0.9783261227935958
8.56,0,0.52,6.229,91.2,384,20.9,15.55,-1.3332086740283013,0.9341699419613918,1.6094379124341003,2.744060638625243,0.0,1.8976198599275262
8.56,0,0.52,6.195,54.4,384,20.9,13.0,-2.2262724101448823,1.0216592474999815,1.6094379124341003,2.5649493574615367,0.0,1.4838746894587473
10.01,0,0.547,6.715,81.6,432,17.8,10.16,-2.294220176662418,0.9848835233397668,1.791759469228055,2.318458442150336,0.0,0.8372475245337031
10.01,0,0.547,5.913,92.9,432,17.8,16.21,-2.0932159751016757,0.8558610910476916,1.791759469228055,2.785628335747585,0.0,1.0818051703517246
10.01,0,0.547,6.092,95.4,432,17.8,17.09,-1.5045375026087306,0.935308737709917,1.791759469228055,2.8384934971274993,0.0,0.0
10.01,0,0.547,6.254,84.2,432,17.8,10.45,-1.9497475022865685,0.8138149402849189,1.791759469228055,2.34660197841082,0.0,2.2148461786860354
10.01,0,0.547,5.928,88.2,432,17.8,15.76,-1.764105392446239,0.9014207192074265,1.791759469228055,2.757475084429733,0.0,3.9701032165046697
10.01,0,0.547,6.176,72.5,432,17.8,12.04,-2.028140247324285,1.0043382385626352,1.791759469228055,2.488234439880675,0.0,1.5260563034950418
10.01,0,0.547,6.021,82.6,432,17.8,10.3,-1.8906079012706583,1.0106550099089677,1.791759469228055,2.33214389523559,0.0,1.2208299213923548
10.01,0,0.547,5.872,73.1,432,17.8,15.37,-2.0357692132236496,0.907249987222006,1.791759469228055,2.7324175575505043,0.0,4.082103275799747
10.01,0,0.547,5.731,65.2,432,17.8,13.61,-1.9326780802865953,1.0149407826404941,1.791759469228055,2.6108048166633746,0.0,1.8562979903656227
25.65,0,0.581,5.87,69.7,188,19.1,14.37,-2.67379371242412,0.8143465959617898,0.6931471805599453,2.6651427000909336,0.0,2.169053700369523
25.65,0,0.581,6.004,84.1,188,19.1,14.27,-2.635962124707956,0.7872748432846436,0.6931471805599453,2.658159431488745,0.0,3.007166651179652
25.65,0,0.581,5.961,92.9,188,19.1,17.93,-2.3752633184920313,0.7356797112786478,0.6931471805599453,2.8864752876170416,0.0,2.98618686071046
25.65,0,0.581,5.856,97.0,188,19.1,25.41,-1.8945898550322562,0.6649534461891633,0.6931471805599453,3.2351427973320726,0.0,3.3174533882291937
25.65,0,0.581,5.879,95.8,188,19.1,17.58,-2.317800258800526,0.6962922297040182,0.6931471805599453,2.866761892257031,0.0,2.918851229218032
25.65,0,0.581,5.986,88.4,188,19.1,14.81,-1.7777382278658007,0.6895908643571681,0.6931471805599453,2.6953026282797072,0.0,2.555675720676207
25.65,0,0.581,5.613,95.6,188,19.1,27.26,-0.9484266019042255,0.5637216331194875,0.6931471805599453,3.3054204262683866,0.0,3.653511310276144
21.89,0,0.624,5.693,96.0,437,21.2,17.19,-1.3503482343464215,0.5812654479118535,1.3862943611198906,2.844327819394758,0.0,1.7561322915848976
21.89,0,0.624,6.431,98.8,437,21.2,15.39,-1.1226078942243305,0.5947071077466928,1.3862943611198906,2.733717947850788,0.0,0.0
21.89,0,0.624,5.637,94.7,437,21.2,18.34,-0.12641392485565867,0.6830463383805158,1.3862943611198906,2.9090844668283187,0.0,0.0
21.89,0,0.624,6.458,98.9,437,21.2,12.6,-1.0786332063527975,0.7507082910844769,1.3862943611198906,2.533696813957432,0.0,1.0508216248317461
21.89,0,0.624,6.326,97.7,437,21.2,12.26,0.17642084847298606,0.8202202631234213,1.3862943611198906,2.506341930508065,0.0,0.0
21.89,0,0.624,6.372,97.9,437,21.2,11.12,-0.5275479999103794,0.8447517646918394,1.3862943611198906,2.4087452888224363,0.0,2.496505785631351
21.89,0,0.624,5.822,95.4,437,21.2,15.03,-1.109208227881513,0.9041776639903529,1.3862943611198906,2.710048203764883,0.0,2.2202898502672133
21.89,0,0.624,5.757,98.4,437,21.2,17.31,-0.024118527408807797,0.8527117502312838,1.3862943611198906,2.851284369188118,0.0,4.906311278124028
21.89,0,0.624,6.335,98.2,437,21.2,16.96,-0.5837906595767728,0.747019646024435,1.3862943611198906,2.830857630363757,0.0,1.1724821372345533
21.89,0,0.624,5.942,93.5,437,21.2,16.9,-1.1312181284170244,0.6764586992737099,1.3862943611198906,2.8273136219290276,0.0,2.978077338315269
21.89,0,0.624,6.454,98.4,437,21.2,14.59,-1.0431870425627,0.6150775251380227,1.3862943611198906,2.6803363625346943,0.0,1.340250422618482
21.89,0,0.624,5.857,98.2,437,21.2,21.32,-1.3870946812906597,0.5119849514858371,1.3862943611198906,3.0596455992976437,0.0,1.768149603588914
21.89,0,0.624,6.151,97.9,437,21.2,18.46,-0.6078506063378647,0.5120448801707201,1.3862943611198906,2.9156062290747062,0.0,0.0
21.89,0,0.624,6.174,93.6,437,21.2,24.16,-1.2347757134809811,0.4774136074207485,1.3862943611198906,3.184698373066614,0.0,2.284421122366374
21.89,0,0.624,5.019,100.0,437,21.2,34.41,0.4877453107218927,0.36422636009156684,1.3862943611198906,3.538347219809389,0.0,0.0
19.58,1,0.871,5.403,100.0,403,14.7,26.82,1.200280997987386,0.27884312378457665,1.6094379124341003,3.2891478778535324,0.0,0.0
19.58,0,0.871,5.468,100.0,403,14.7,26.42,1.4103526262129615,0.3448654859792347,1.6094379124341003,3.2741212990941793,0.0,0.0
19.58,0,0.871,4.903,97.8,403,14.7,29.29,1.0223573981489371,0.297062934257533,1.6094379124341003,3.377246160839642,0.0,0.0
19.58,0,0.871,6.13,100.0,403,14.7,27.8,0.8668231383012291,0.3500228678583548,1.6094379124341003,3.3250360206965914,0.0,5.416055956772292
19.58,0,0.871,5.628,100.0,403,14.7,16.65,0.7678139251427007,0.41647098728469806,1.6094379124341003,2.8124102164264526,0.0,5.432104976346135
19.58,0,0.871,4.926,95.7,403,14.7,29.53,0.8623075070760768,0.37898423085856703,1.6094379124341003,3.3854066957558313,0.0,1.8229350866965044
19.58,0,0.871,5.186,93.8,403,14.7,28.32,0.8462930700401279,0.42500626331499985,1.6094379124341003,3.343568268825519,0.0,3.7113745319413063
19.58,0,0.871,5.597,94.9,403,14.7,21.45,1.0057547653081238,0.42245332113701944,1.6094379124341003,3.065724645374026,0.0,3.8297277627013147
19.58,0,0.871,6.122,97.3,403,14.7,14.1,0.5047673091820267,0.48119081863630003,1.6094379124341003,2.6461747973841225,0.0,3.2228678461377367
19.58,0,0.871,5.404,100.0,403,14.7,13.28,0.4030087604214572,0.46473979957063644,1.6094379124341003,2.5862591440482876,0.0,4.030694535145644
19.58,1,0.871,5.012,88.0,403,14.7,12.12,0.11918649479116296,0.4763583948837434,1.6094379124341003,2.4948569806411682,0.0,4.000400116045559
19.58,0,0.871,5.709,98.5,403,14.7,15.79,0.7650863740410299,0.4843995095294679,1.6094379124341003,2.7593768282675506,0.0,4.9122871710784795
19.58,1,0.871,6.129,96.0,403,14.7,15.12,0.3463164798105087,0.5592728720036175,1.6094379124341003,2.716018370751387,0.0,4.342245764662037
19.58,1,0.871,6.152,82.6,403,14.7,15.02,1.262716128198849,0.5570410475629537,1.6094379124341003,2.7093826463359885,0.0,5.736217395799363
19.58,0,0.871,5.272,94.0,403,14.7,16.14,0.8947320035347462,0.5518140044433014,1.6094379124341003,2.7813006628418027,0.0,5.734214681776403
19.58,0,0.605,6.943,97.4,403,14.7,4.59,0.2017809879501736,0.6298345743481794,1.6094379124341003,1.5238800240724537,0.0,3.540089380528773
19.58,0,0.605,6.066,100.0,403,14.7,6.43,0.2947867741817126,0.5637785402186635,1.6094379124341003,1.860974538249528,0.0,3.7844168808229997
19.58,0,0.871,6.51,100.0,403,14.7,7.39,0.3541858487098422,0.5686604754369415,1.6094379124341003,2.0001277349601105,0.0,3.5142284036242004
19.58,1,0.605,6.25,92.6,403,14.7,5.5,0.24173760544271178,0.5868973807172349,1.6094379124341003,1.7047480922384253,0.0,4.077198403387129
19.58,0,0.605,7.489,90.8,403,14.7,1.73,0.3807351614875533,0.6784902912163117,1.6094379124341003,0.5481214085096876,0.0,3.155723009862931
19.58,1,0.605,7.802,98.2,403,14.7,1.92,0.6063739570277114,0.7132928862529031,1.6094379124341003,0.6523251860396901,0.0,2.1150499691471993
19.58,1,0.605,8.375,93.9,403,14.7,3.32,0.4180653900839028,0.7710337192170165,1.6094379124341003,1.199964782928397,0.0,2.2460147415056504
19.58,0,0.605,5.854,91.8,403,14.7,11.64,0.8075288826786605,0.8845936451309006,1.6094379124341003,2.454447442303292,0.0,1.0260415958332612
19.58,0,0.605,6.101,93.0,403,14.7,9.81,1.072952541887532,0.8256655602600897,1.6094379124341003,2.2834022735772717,0.0,5.060948107969844
19.58,0,0.605,7.929,96.2,403,14.7,3.7,0.6982292449667389,0.7158377904796438,1.6094379124341003,1.308332819650179,0.0,3.3534067178258056
19.58,0,0.605,5.877,79.2,403,14.7,12.14,0.5879422083601638,0.8862025895568697,1.6094379124341003,2.4965057856313524,0.0,5.137502866038513
19.58,0,0.605,6.319,96.1,403,14.7,11.1,0.833083020857462,0.7419373447293773,1.6094379124341003,2.4069451083182885,0.0,4.61323755706585
19.58,0,0.605,6.402,95.2,403,14.7,11.32,0.8958961694189218,0.8164703965919442,1.6094379124341003,2.4265710727750367,0.0,4.217446759356084
19.58,0,0.605,5.875,94.6,403,14.7,14.43,0.18848585176179927,0.8862025895568697,1.6094379124341003,2.6693093727857793,0.0,4.659753063758383
19.58,0,0.605,5.88,97.3,403,14.7,12.03,0.838934412625926,0.870749284903777,1.6094379124341003,2.4874035299865875,0.0,3.9074123928704623
4.05,0,0.51,5.572,88.5,296,16.6,14.69,-1.9722746584866417,0.9540103189011692,1.6094379124341003,2.6871669901857858,0.0,0.0
4.05,0,0.51,6.416,84.1,296,16.6,9.04,-2.3883608700154495,0.9731624379506939,1.6094379124341003,2.201659174404085,0.0,0.8754687373538904
4.05,0,0.51,5.859,68.7,296,16.6,9.64,-2.4713588372427315,0.9939552292306324,1.6094379124341003,2.265921108622454,0.0,1.5411590716807972
4.05,0,0.51,6.546,33.1,296,16.6,5.33,-2.70845028112355,1.1417675589820373,1.6094379124341003,1.673351238177753,0.0,1.9373017745187129
4.05,0,0.51,6.02,47.2,296,16.6,10.11,-2.656122108241851,1.2683269334643472,1.6094379124341003,2.3135250330323798,0.0,1.5411590716807972
4.05,0,0.51,6.315,73.4,296,16.6,6.29,-2.9141522865615683,1.1992114872242254,1.6094379124341003,1.8389610707123492,0.0,0.8329091229350842
4.05,0,0.51,6.86,74.4,296,16.6,6.92,-2.7117570630335366,1.0699727304589448,1.6094379124341003,1.9344157696295783,0.0,1.8916048041977704
2.46,0,0.488,6.98,58.4,193,17.8,5.04,-2.8507665033038054,1.0399232923194301,1.0986122886681098,1.6174060820832772,0.0,0.0
2.46,0,0.488,7.765,83.3,193,17.8,7.56,-2.719920373672698,1.0083228173206489,1.0986122886681098,2.0228711901914416,0.0,0.8501509293695994
2.46,0,0.488,6.144,62.2,193,17.8,9.45,-2.675389418862662,0.9547034263605685,1.0986122886681098,2.2460147415056513,0.0,0.0
2.46,0,0.488,7.155,92.2,193,17.8,4.82,-2.3965661564649396,0.993473970544805,1.0986122886681098,1.572773928062509,0.0,1.329724009631489
2.46,0,0.488,6.563,95.6,193,17.8,5.68,-2.3017854128234814,1.0462658082959004,1.0986122886681098,1.7369512327330598,0.0,0.0
2.46,0,0.488,5.604,89.8,193,17.8,13.98,-2.4879512799742254,1.0945707995083895,1.0986122886681098,2.637627736805664,0.0,1.9315214116032104
2.46,0,0.488,6.153,68.8,193,17.8,13.15,-2.8056079046970153,1.187751954798385,1.0986122886681098,2.5764217586237734,0.0,2.37861977927004
2.46,0,0.488,7.831,53.6,193,17.8,4.45,-2.882046509150175,1.1629007785504715,1.0986122886681098,1.4929040961781488,0.0,1.6620303625532675
3.44,0,0.437,6.782,41.1,398,15.2,6.68,-2.5414770012763945,1.3319965577120414,1.6094379124341003,1.8991179875485542,1.0701008326161656,1.3937663759585848
3.44,0,0.437,6.556,29.1,398,15.2,4.56,-2.073141429131356,1.518790843409403,1.6094379124341003,1.5173226235262947,1.0701008326161656,2.7120422223717475
3.44,0,0.437,7.185,38.9,398,15.2,5.39,-2.4805163014867073,1.518790843409403,1.6094379124341003,1.6845453849209058,1.0701008326161656,0.0
3.44,0,0.437,6.951,21.5,398,15.2,5.1,-2.400418453342809,1.8686896456903432,1.6094379124341003,1.62924053973028,1.0701008326161656,3.006672213592324
3.44,0,0.437,6.739,30.8,398,15.2,4.69,-2.672055840878834,1.8686896456903432,1.6094379124341003,1.545432582458188,1.0701008326161656,2.102913897864978
3.44,0,0.437,7.178,26.3,398,15.2,2.87,-2.445993676289402,1.8686896456903432,1.6094379124341003,1.0543120297715298,1.0701008326161656,2.002830439307991
2.93,0,0.401,6.8,9.9,265,15.6,5.03,-3.8226394442934604,1.827705596001524,0.0,1.6154199841116479,1.0778814520882516,1.5107219394949367
2.93,0,0.401,6.604,18.8,265,15.6,4.38,-4.241221758082861,1.827705596001524,0.0,1.4770487243883548,1.0778814520882516,3.0540011816779664
0.46,0,0.422,7.875,32.0,255,14.4,2.97,-4.282362311560936,1.7313723192129598,1.3862943611198906,1.0885619528146082,1.08393289129948,1.3001916620664677
1.52,0,0.404,7.287,34.1,329,12.6,4.08,-3.2161295992001757,1.9891064654982547,0.6931471805599453,1.4060969884160703,1.08393289129948,0.0
1.52,0,0.404,7.107,36.6,329,12.6,8.61,-3.064868012388853,1.9891064654982547,0.6931471805599453,2.152924318439639,1.08393289129948,3.7748277662503007
1.52,0,0.404,7.274,38.3,329,12.6,6.62,-3.2786258292739747,1.9891064654982547,0.6931471805599453,1.890095369948917,1.08393289129948,1.7404661748405024
1.47,0,0.403,6.975,15.3,402,17.0,4.56,-3.4577677331505496,2.035149993546711,1.0986122886681098,1.5173226235262947,1.086880514351752,0.0
1.47,0,0.403,7.135,13.9,402,17.0,4.45,-4.029681048896379,2.035149993546711,1.0986122886681098,1.4929040961781488,1.086880514351752,2.610069792742004
2.03,0,0.415,6.162,38.4,348,14.7,7.43,-3.3682462815224694,1.8357763546448294,0.6931471805599453,2.005525858729668,1.0844941045215362,1.4182774069729402
2.03,0,0.415,7.61,15.7,348,14.7,3.11,-3.827222403735681,1.8357763546448294,0.6931471805599453,1.1346227261911428,1.0844941045215362,0.9242589015233247
2.68,0,0.4161,7.853,33.2,224,14.7,3.81,-3.349554148510317,1.6327637377375972,1.3862943611198906,1.3376291891386096,1.086880514351752,1.6331544390514172
2.68,0,0.4161,8.034,31.9,224,14.7,2.88,-3.907533100155294,1.6327637377375972,1.3862943611198906,1.0577902941478545,1.086880514351752,1.9947003132247407
10.59,0,0.489,5.891,22.3,277,18.6,10.87,-1.9920169167555637,1.3725503433276314,1.3862943611198906,2.386006701133118,0.0,0.0
10.59,0,0.489,6.326,52.5,277,18.6,10.97,-1.471024705280474,1.4713016479283183,1.3862943611198906,2.395164274287139,0.0,1.1085626195212688
10.59,0,0.489,5.783,72.7,277,18.6,18.06,-1.3783658747977692,1.4713016479283183,1.3862943611198906,2.8936995479888394,0.0,2.1365305086639594
10.59,1,0.489,6.064,59.1,277,18.6,14.66,-1.996056732745905,1.4443745721964154,1.3862943611198906,2.6851226964585053,0.0,2.808197149707148
10.59,1,0.489,5.344,100.0,277,18.6,23.09,-0.8307783945499413,1.3545456628053103,1.3862943611198906,3.139399623366404,0.0,0.0
10.59,1,0.489,5.96,92.1,277,18.6,17.27,-1.7460597899770645,1.3550874514951798,1.3862943611198906,2.848970892158587,0.0,1.53686721959926
10.59,1,0.489,5.404,88.6,277,18.6,23.98,-0.9787514132167605,1.2988283353386147,1.3862943611198906,3.177220149599368,0.0,0.9783261227935958
10.59,1,0.489,5.807,53.8,277,18.6,16.03,-1.5269827324979075,1.2954392427758044,1.3862943611198906,2.7744619666214616,0.0,1.9401794743463254
10.59,0,0.489,6.375,32.3,277,18.6,9.38,-1.9624054515845106,1.3725503433276314,1.3862943611198906,2.238579763018133,0.0,2.4923786646266994
10.59,0,0.489,5.412,9.8,277,18.6,29.55,-1.2394272853103383,1.2774555810857395,1.3862943611198906,3.386083743852107,0.0,3.8912078657142253
10.59,0,0.489,6.182,42.4,277,18.6,9.47,-1.6193872432877685,1.3725503433276314,1.3862943611198906,2.248128907197987,0.0,1.451613827240529
13.89,1,0.55,5.888,56.0,276,16.4,13.51,-3.0878475624617967,1.1352977394759622,1.6094379124341003,2.6034301519721073,0.0,1.6292405397302734
13.89,0,0.55,6.642,85.1,276,16.4,9.69,-2.657404616433318,1.2299621367871858,1.6094379124341003,2.2710944259026746,0.0,1.6331544390514172
13.89,1,0.55,5.951,93.8,276,16.4,17.92,-2.2010217775846046,1.0610142582527913,1.6094379124341003,2.8859174075467844,0.0,0.0
13.89,1,0.55,6.373,92.4,276,16.4,10.5,-2.169366249207823,1.2129226348455207,1.6094379124341003,2.3513752571634776,0.0,1.4255150742731644
6.2,1,0.507,6.951,88.5,307,17.4,9.71,-1.0269709275282342,1.051415853837135,2.0794415416798357,2.2731562823032334,0.0,1.824549292051044
6.2,1,0.507,6.164,91.3,307,17.4,21.46,-0.8971991416186345,1.1144856378244,2.0794415416798357,3.0661907372025525,0.0,0.9783261227935958
6.2,1,0.507,6.879,77.7,307,17.4,9.93,-0.47231028753765686,1.18543198062067,2.0794415416798357,2.295560478057081,0.0,2.016235465776042
6.2,0,0.507,6.618,80.8,307,17.4,7.6,-0.48662093506917325,1.18543198062067,2.0794415416798357,2.028148247292285,0.0,0.0
6.2,0,0.504,8.266,78.3,307,17.4,4.14,-1.1541355694787643,1.0627778356588937,2.0794415416798357,1.4206957878372228,0.0,2.553343811341226
6.2,0,0.504,8.725,83.0,307,17.4,4.63,-0.6406875665875832,1.0627778356588937,2.0794415416798357,1.5325568680981427,0.0,2.7663191092261843
6.2,0,0.504,8.04,86.5,307,17.4,3.13,-0.9619682453708077,1.1680450633834465,2.0794415416798357,1.1410330045520618,0.0,2.353278207309562
6.2,0,0.504,7.163,79.9,307,17.4,6.36,-0.8858100246205681,1.1680450633834465,2.0794415416798357,1.8500283773520307,0.0,3.251149385418496
6.2,0,0.504,7.686,17.0,307,17.4,3.92,-1.210024411754371,1.216424953515174,2.0794415416798357,1.366091653802371,0.0,3.015044584586363
6.2,0,0.504,6.552,21.4,307,17.4,3.76,-0.8169432583734566,1.216424953515174,2.0794415416798357,1.324418957401803,0.0,2.865623588206971
6.2,0,0.504,5.981,68.1,307,17.4,11.65,-0.6217571844732723,1.3006002979095281,2.0794415416798357,2.4553061800117097,0.0,2.9729752864313723
6.2,0,0.504,7.412,76.9,307,17.4,5.25,-0.7701146217165538,1.3006002979095281,2.0794415416798357,1.6582280766035324,0.0,3.0800734219877413
6.2,0,0.507,8.337,73.3,307,17.4,2.47,-0.5528810174993176,1.3450556131032931,2.0794415416798357,0.9042181506398859,0.0,2.4840729690394188
6.2,0,0.507,8.247,70.4,307,17.4,3.95,-1.1042179711889437,1.2952475801015233,2.0794415416798357,1.3737155789130306,0.0,2.9418039315284346
6.2,1,0.507,6.726,66.5,307,17.4,8.05,-0.8031629596059677,1.2952475801015233,2.0794415416798357,2.0856720914304723,0.0,3.629660094453965
6.2,0,0.507,6.086,61.5,307,17.4,10.88,-1.1072999170656752,1.2952475801015233,2.0794415416798357,2.3869262414277967,0.0,3.051639905492286
6.2,1,0.507,6.631,76.5,307,17.4,9.54,-0.6528117043705424,1.4226262903672808,2.0794415416798357,2.255493485460195,0.0,2.2460147415056504
6.2,0,0.507,7.358,71.6,307,17.4,4.73,-0.6697627403272094,1.4226262903672808,2.0794415416798357,1.5539252025038417,0.0,2.0579625100027097
4.93,0,0.428,6.481,18.5,300,16.6,6.36,-2.4956845229598787,1.8229189314771568,1.791759469228055,1.8500283773520307,1.0552819637056836,2.9172300453990307
4.93,0,0.428,6.606,42.2,300,16.6,7.37,-2.3803304416188986,1.8229189314771568,1.791759469228055,1.9974177062012453,1.0552819637056836,2.6475922320650964
4.93,0,0.428,6.897,54.3,300,16.6,11.38,-2.1778043760967396,1.84626343721586,1.791759469228055,2.431857428698185,1.0552819637056836,1.8946168546677593
4.93,0,0.428,6.095,65.1,300,16.6,12.4,-2.243184749712598,1.84626343721586,1.791759469228055,2.517696472610991,1.0552819637056836,1.1878434223960441
4.93,0,0.428,6.358,52.9,300,16.6,11.22,-2.2739976361421332,1.9509687612461732,1.791759469228055,2.4176979000945504,1.0552819637056836,3.2248578965457475
4.93,0,0.428,6.393,7.8,300,16.6,5.19,-2.0590900454319385,1.9509687612461732,1.791759469228055,1.6467336971777973,1.0552819637056836,3.14372115126744
5.86,0,0.431,5.593,76.5,330,19.1,12.5,-1.5794908360661482,2.073788091000493,1.9459101490553132,2.5257286443082556,1.0399779079653164,3.2351427973320717
5.86,0,0.431,5.605,70.2,330,19.1,18.46,-1.6537555930852257,2.073788091000493,1.9459101490553132,2.9156062290747062,1.0399779079653164,2.1713368063840894
5.86,0,0.431,6.108,34.9,330,19.1,9.16,-1.0793097864136123,2.0863550879489043,1.9459101490553132,2.214846178686039,1.0399779079653164,2.043814364036681
5.86,0,0.431,6.226,79.2,330,19.1,10.15,-1.6267366770124299,2.0863550879489043,1.9459101490553132,2.3174737054877963,1.0399779079653164,3.0800734219877413
5.86,0,0.431,6.433,49.1,330,19.1,9.52,-1.805513625460718,2.0575154113461407,1.9459101490553132,2.253394848803274,1.0399779079653164,3.14372115126744
5.86,0,0.431,6.718,17.5,330,19.1,6.56,-1.6568964635938017,2.0575154113461407,1.9459101490553132,1.8809906029559975,1.0399779079653164,1.4255150742731644
5.86,0,0.431,6.487,13.0,330,19.1,5.9,-1.9639722918737217,2.0010339548007137,1.9459101490553132,1.7749523509116738,1.0399779079653164,0.4824261492442955
5.86,0,0.431,6.438,8.9,330,19.1,3.59,-1.541358791623506,2.0010339548007137,1.9459101490553132,1.2781522025001875,1.0399779079653164,3.0363942552728798
5.86,0,0.431,6.957,6.8,330,19.1,3.53,-2.498478329818095,2.1868038025083023,1.9459101490553132,1.2612978709452054,1.0399779079653164,2.4689466302092713
5.86,0,0.431,8.259,8.4,330,19.1,3.54,-0.9971212497887038,2.1868038025083023,1.9459101490553132,1.264126727145683,1.0399779079653164,0.0
3.64,0,0.392,6.108,32.0,315,16.4,6.57,-3.0326037483298958,2.221407575000109,0.0,1.8825138324965192,1.08393289129948,1.6114359150967716
3.64,0,0.392,5.876,19.1,315,16.4,9.25,-3.338786121540758,2.221407575000109,0.0,2.224623551524334,1.08393289129948,1.000631880307895
3.75,0,0.394,7.454,34.2,244,15.9,3.11,-4.174687314904639,1.84626343721586,1.0986122886681098,1.1346227261911428,1.0860009389467897,2.4475508632442318
3.97,0,0.647,8.704,86.9,264,13.0,5.12,-0.4917749130751902,0.588342066193819,1.6094379124341003,1.6331544390514163,1.034429819338633,2.104134154270206
3.97,0,0.647,7.333,100.0,264,13.0,7.79,-0.4102113537333973,0.639007734459297,1.6094379124341003,2.052840859882657,1.034429819338633,2.681706225762605
3.97,0,0.647,6.842,100.0,264,13.0,6.9,-0.4206041269509682,0.6984829201494644,1.6094379124341003,1.9315214116032138,1.034429819338633,1.7867469274045058
3.97,0,0.647,7.203,81.8,264,13.0,9.59,-0.6159824564648956,0.7476827132079593,1.6094379124341003,2.2607208888953467,1.034429819338633,1.6292405397302734
3.97,0,0.647,7.52,89.4,264,13.0,7.26,-0.6271347461663738,0.7607123667223692,1.6094379124341003,1.9823798288367047,1.034429819338633,2.2544447176661078
3.97,0,0.647,8.398,91.5,264,13.0,5.91,-0.6536572728735329,0.8278965811115597,1.6094379124341003,1.776645831418007,1.034429819338633,2.401525040848946
3.97,0,0.647,7.327,94.5,264,13.0,11.25,-0.1920567907821121,0.7317908041521498,1.6094379124341003,2.4203681286504293,1.034429819338633,1.4996230464268852
3.97,0,0.647,7.206,91.6,264,13.0,8.1,-0.5977097361268342,0.6575718150460251,1.6094379124341003,2.0918640616783932,1.034429819338633,2.303584593327128
3.97,0,0.647,5.56,62.8,264,13.0,10.45,-0.2723075353455809,0.6863742962725166,1.6094379124341003,2.34660197841082,1.034429819338633,1.7047480922384253
3.97,0,0.647,7.014,84.6,264,13.0,14.79,-0.2411802388003612,0.7574825560648395,1.6094379124341003,2.6939512767227085,1.034429819338633,2.626840145676666
3.97,0,0.575,8.297,67.0,264,13.0,7.44,-0.5475933479582054,0.8844284787253719,1.6094379124341003,2.0068708488450007,1.034429819338633,2.5922651681084963
3.97,0,0.575,7.47,52.6,264,13.0,3.16,-0.6152606419028741,1.0550086511859778,1.6094379124341003,1.1505720275988207,1.034429819338633,2.0281482472922807
6.96,1,0.464,5.92,61.5,223,18.6,13.65,-2.400749341781277,1.365453695248039,1.0986122886681098,2.613739521630969,1.034429819338633,1.880990602955998
6.96,0,0.464,5.856,42.1,223,18.6,13.0,-1.2067767316586704,1.4881738249410612,1.0986122886681098,2.5649493574615367,1.034429819338633,2.224623551524334
6.96,0,0.464,6.24,16.3,223,18.6,6.59,-1.8194801618286551,1.4881738249410612,1.0986122886681098,1.8855533485144158,1.034429819338633,0.0
6.96,0,0.464,6.538,58.7,223,18.6,7.73,-2.166307474701498,1.365453695248039,1.0986122886681098,2.0451088625993306,1.034429819338633,1.0784095813505894
6.96,1,0.464,7.691,51.8,223,18.6,6.58,-1.5056185837951033,1.4739617728716505,1.0986122886681098,1.884034745337226,1.034429819338633,1.964311234426204
6.41,1,0.447,6.758,32.9,254,17.6,3.53,-2.874577151997524,1.405508580043695,1.3862943611198906,1.2612978709452054,1.0663121762128656,0.0
6.41,0,0.447,6.854,42.8,254,17.6,2.98,-2.3429905076290845,1.450981308741706,1.3862943611198906,1.091923300517313,1.0663121762128656,0.0
6.41,1,0.447,7.267,49.0,254,17.6,6.05,-2.2567516766508735,1.5659456893579664,1.3862943611198906,1.80005827204275,1.0663121762128656,2.1575593209437853
6.41,1,0.447,6.826,27.6,254,17.6,4.16,-2.7924649522445737,1.581614403699502,1.3862943611198906,1.425515074273172,1.0663121762128656,1.4929040961781463
6.41,0,0.447,6.482,32.1,254,17.6,7.19,-2.5284824325048763,1.420768248979967,1.3862943611198906,1.9726911717329554,1.0663121762128656,0.0
3.33,0,0.4429,6.812,32.2,216,14.9,4.85,-1.558839859671009,1.41115769084458,1.6094379124341003,1.5789787049493917,1.034429819338633,0.0
3.33,0,0.4429,7.82,64.5,216,14.9,3.76,-3.330366200901564,1.546434212855099,1.6094379124341003,1.324418957401803,1.034429819338633,2.3599101596133125
3.33,0,0.4429,6.968,37.2,216,14.9,4.59,-3.295486927240041,1.6572180428816397,1.6094379124341003,1.5238800240724537,1.034429819338633,1.7351891177396535
3.33,1,0.4429,7.645,49.7,216,14.9,3.01,-2.7921385814844966,1.6509444725858264,1.6094379124341003,1.1019400787607843,1.034429819338633,3.0363942552728798
1.21,1,0.401,7.923,24.8,198,13.6,3.16,-4.199038633336767,1.77240674071224,0.0,1.1505720275988207,1.0860009389467897,0.8671004876833814
2.97,0,0.4,7.088,20.8,285,15.3,7.85,-4.703886158927249,1.9888738484874289,0.0,2.060513531794317,1.0860009389467897,1.1568811967920698
2.25,0,0.389,6.453,31.9,300,15.3,8.23,-4.513502997462267,1.9888738484874289,0.0,2.1077860146889784,1.0757299398591678,1.1568811967920698
1.76,0,0.385,6.23,31.5,241,18.2,12.93,-3.929677940666867,2.2070868955155056,0.0,2.559550192783766,1.08393289129948,4.030694535145644
5.32,0,0.405,6.209,31.3,293,16.6,7.14,-3.25165731439258,1.990227741135006,1.791759469228055,1.965712776351493,1.0745109247954092,0.0
5.32,0,0.405,6.315,45.6,293,16.6,7.6,-3.0812901619156374,1.990227741135006,1.791759469228055,2.028148247292285,1.0745109247954092,0.0
5.32,0,0.405,6.565,22.9,293,16.6,9.51,-3.1472530811952333,1.990227741135006,1.791759469228055,2.252343876557299,1.0745109247954092,3.264995760481752
4.95,0,0.411,6.861,27.9,245,19.2,3.33,-3.351835952124431,1.6325097000018567,1.3862943611198906,1.2029723039923526,1.08393289129948,0.0
4.95,0,0.411,7.148,27.7,245,19.2,3.56,-2.540081150532656,1.6325097000018567,1.3862943611198906,1.269760544863939,1.08393289129948,0.0
4.95,0,0.411,6.63,23.4,245,19.2,4.7,-3.3200783303773633,1.6325097000018567,1.3862943611198906,1.547562508716013,1.08393289129948,0.0
13.92,0,0.437,6.127,18.4,289,16.0,8.58,-2.4931404547151037,1.705238880872887,1.3862943611198906,2.149433913499871,0.0,0.0
13.92,0,0.437,6.009,42.3,289,16.0,10.4,-2.501157990374051,1.705238880872887,1.3862943611198906,2.341805806147327,0.0,0.0
13.92,0,0.437,6.678,31.1,289,16.0,6.27,-2.045465326124905,1.785137592919168,1.3862943611198906,1.8357763546448294,0.0,0.0
13.92,0,0.437,6.549,51.0,289,16.0,7.39,-2.9239699073271,1.785137592919168,1.3862943611198906,2.0001277349601105,0.0,1.6193882432872595
13.92,0,0.437,5.79,58.0,289,16.0,15.84,-1.9587826452779884,1.843719208158766,1.3862943611198906,2.7625383863862796,0.0,0.0
2.24,0,0.4,6.345,20.1,358,14.8,4.97,-2.73861250668485,2.057681499897272,1.6094379124341003,1.6034198401085373,1.0813133363625602,3.389799336709785
2.24,0,0.4,7.041,10.0,358,14.8,4.74,-2.8893922377826646,2.057681499897272,1.6094379124341003,1.556037135706985,1.0813133363625602,3.2703291064571163
2.24,0,0.4,6.871,47.4,358,14.8,6.07,-3.119709453373702,2.057681499897272,1.6094379124341003,1.803358605071407,1.0813133363625602,1.951608170169946
6.09,0,0.433,6.59,40.4,329,16.1,9.5,-3.341891275764748,1.7032378615047714,1.9459101490553132,2.2512917986064953,1.060414272343371,0.7654678421395609
6.09,0,0.433,6.495,18.4,329,16.1,8.67,-2.3788183989936345,1.7032378615047714,1.9459101490553132,2.1598687907924505,1.060414272343371,2.6595599919417734
6.09,0,0.433,6.982,17.7,329,16.1,4.86,-2.3025850929940455,1.7032378615047714,1.9459101490553132,1.5810384379124025,1.060414272343371,2.010894999144722
2.18,0,0.472,7.236,41.1,222,18.4,6.93,-2.8976985332826257,1.3917792913504603,1.9459101490553132,1.9358598132018119,1.0592391570555884,1.4398351280479134
2.18,0,0.472,6.616,58.1,222,18.4,8.93,-2.904247583431813,1.2149127443642704,1.9459101490553132,2.189416394888408,1.0592391570555884,1.5129270120532485
2.18,0,0.472,7.42,71.9,222,18.4,6.47,-2.5898672454244998,1.1311440136705944,1.9459101490553132,1.8671761085128091,1.0592391570555884,0.0
2.18,0,0.472,6.849,70.3,222,18.4,7.53,-3.0094256006859936,1.1577298931511986,1.9459101490553132,2.018895041811802,1.0592391570555884,0.0
9.9,0,0.544,6.635,82.5,304,18.4,4.54,-0.707286673713667,1.1992114872242254,1.3862943611198906,1.5129270120532565,0.0,0.0
9.9,0,0.544,5.972,76.7,304,18.4,9.97,-1.051537881282181,1.1322082380966252,1.3862943611198906,2.299580583973747,0.0,0.5068176023684327
9.9,0,0.544,4.973,37.8,304,18.4,12.64,0.9690653285914825,0.9240207779360656,1.3862943611198906,2.5368663887187113,0.0,3.859676525055937
9.9,0,0.544,6.122,52.8,304,18.4,5.98,-0.23520348080665032,0.9708925470657387,1.3862943611198906,1.7884205679625405,0.0,0.0
9.9,0,0.544,6.023,90.4,304,18.4,11.72,-1.3405946818689003,1.0416891412684888,1.3862943611198906,2.4612967841488667,0.0,0.47000362924571426
9.9,0,0.544,6.266,82.8,304,18.4,7.9,-1.3116322568114682,1.1825857224442882,1.3862943611198906,2.066862759472976,0.0,1.506297153514585
9.9,0,0.544,6.567,87.3,304,18.4,9.28,-0.9964167763534401,1.2815725303483325,1.3862943611198906,2.2278615467981093,0.0,0.7929925155296522
9.9,0,0.544,5.705,77.7,304,18.4,11.5,-1.3721547975661714,1.3724489542978375,1.3862943611198906,2.4423470353692043,0.0,0.3920420877759976
9.9,0,0.544,5.914,83.2,304,18.4,18.33,-1.1448551998428471,1.3859442998555953,1.3862943611198906,2.9085390618516134,0.0,1.974081026022008
9.9,0,0.544,5.782,71.7,304,18.4,15.94,-1.4055995121778961,1.394188123238991,1.3862943611198906,2.768831673362069,0.0,0.0
9.9,0,0.544,6.382,67.2,304,18.4,10.36,-0.911253440356887,1.2620058355765456,1.3862943611198906,2.337952236831337,0.0,0.9895411936137469
9.9,0,0.544,6.113,58.8,304,18.4,12.73,-0.7434514904696932,1.3867692483431018,1.3862943611198906,2.543961412569315,0.0,0.5128236264286392
7.38,0,0.493,6.426,52.3,287,19.6,7.2,-1.7861750909341545,1.5130151138990473,1.6094379124341003,1.9740810260220096,0.0,0.0
7.38,0,0.493,6.376,54.3,287,19.6,6.87,-1.7060038804104314,1.5130151138990473,1.6094379124341003,1.927164106234258,0.0,0.0
7.38,0,0.493,6.041,49.9,287,19.6,7.7,-1.0465702746410745,1.5520418232927913,1.6094379124341003,2.0412203288596382,0.0,0.0
7.38,0,0.493,5.708,74.3,287,19.6,11.74,-1.259062770643896,1.5520418232927913,1.6094379124341003,2.4630018143999504,0.0,1.912501086924181
7.38,0,0.493,6.415,40.1,287,19.6,6.12,-1.0756089069031467,1.5520418232927913,1.6094379124341003,1.8115620965242347,0.0,0.0
7.38,0,0.493,6.431,14.7,287,19.6,5.08,-1.6509893395923356,1.689339071628585,1.6094379124341003,1.6253112615903906,0.0,1.4398351280479134
7.38,0,0.493,6.312,28.9,287,19.6,6.15,-1.1924725201557291,1.689339071628585,1.6094379124341003,1.8164520818184267,0.0,0.0
7.38,0,0.493,6.083,43.7,287,19.6,12.79,-1.4228338719108389,1.689339071628585,1.6094379124341003,2.548663615590751,0.0,0.0
3.24,0,0.46,5.868,25.8,430,16.9,9.97,-2.715528090958169,1.6514623836893323,1.3862943611198906,2.299580583973747,0.0,2.7382560431592746
3.24,0,0.46,6.333,17.2,430,16.9,7.34,-2.6994869704417224,1.6514623836893323,1.3862943611198906,1.9933388426264242,0.0,3.1219242987917504
3.24,0,0.46,6.144,32.2,430,16.9,9.09,-3.091362504569241,1.7704677337604326,1.3862943611198906,2.2071749081893874,0.0,3.378610882989359
6.06,0,0.4379,5.706,28.4,304,16.9,12.43,-2.991142821220184,1.893217379618614,0.0,2.5201129055226197,1.0615271116734943,1.355835153635181
6.06,0,0.4379,6.031,23.3,304,16.9,7.83,-3.362168994694677,1.893217379618614,0.0,2.057962510002712,1.0615271116734943,3.573749146860304
5.19,0,0.515,6.316,38.1,224,20.2,5.68,-2.979268547523326,1.8653816090986688,1.6094379124341003,1.7369512327330598,0.0,2.102913897864978
5.19,0,0.515,6.31,38.5,224,20.2,6.75,-3.2866194769547206,1.8653816090986688,1.6094379124341003,1.9095425048844386,0.0,2.1400661634962708
5.19,0,0.515,6.037,34.5,224,20.2,8.01,-3.228673667348312,1.7893064630669882,1.6094379124341003,2.080690761080268,0.0,0.0
5.19,0,0.515,5.869,46.3,224,20.2,9.8,-3.3734849430956197,1.6546215810094207,1.6094379124341003,2.2823823856765264,0.0,0.0
5.19,0,0.515,5.895,59.6,224,20.2,10.56,-3.4929837772928636,1.7254415881904066,1.6094379124341003,2.3570732782781154,0.0,1.128171090909646
5.19,0,0.515,6.059,37.3,224,20.2,8.51,-3.409431186589259,1.571154360008492,1.6094379124341003,2.1412419425852827,0.0,0.5653138090500552
5.19,0,0.515,5.985,45.4,224,20.2,9.74,-2.900967697109568,1.571154360008492,1.6094379124341003,2.2762411176544437,0.0,0.0
5.19,0,0.515,5.968,58.5,224,20.2,9.29,-2.78855551576186,1.571154360008492,1.6094379124341003,2.2289385528257473,0.0,0.0
1.52,0,0.442,7.241,49.3,284,15.5,5.49,-4.342036986457723,1.951309830216467,0.0,1.7029282555214393,1.0615271116734943,1.1505720275988107
1.89,0,0.518,6.54,59.7,422,15.9,8.65,-3.6896797742847056,1.8352818145171772,0.0,2.157559320943788,0.0,2.071913275259044
3.78,0,0.484,6.696,56.4,370,17.6,7.18,-3.671825699548109,1.7460819557314025,1.6094379124341003,1.9712993830601329,1.0757299398591678,0.0
3.78,0,0.484,6.874,28.1,370,17.6,4.61,-3.4903565179819735,1.8664648819262473,1.6094379124341003,1.5282278570085572,1.0757299398591678,2.295560478057076
4.39,0,0.442,6.014,48.5,352,18.8,10.53,-3.4695832945286202,2.0811400983154176,1.0986122886681098,2.354228326145884,0.0,2.5063419305080648
4.39,0,0.442,5.898,52.3,352,18.8,12.67,-2.786768785813615,2.0811400983154176,1.0986122886681098,2.5392369943330477,0.0,3.5052570515869323
4.15,0,0.429,6.516,27.7,351,17.9,6.36,-3.979231755121596,2.1442105050135645,1.3862943611198906,1.8500283773520307,1.0850241906005584,1.6992786164338844
2.01,0,0.435,6.635,29.7,280,17.0,5.99,-4.199038633336767,2.121542717698471,1.3862943611198906,1.7900914121273581,1.08393289129948,1.9401794743463254
1.25,0,0.429,6.939,34.5,335,19.7,5.89,-3.540804336048573,2.1738535910129793,0.0,1.7732559976634952,1.0663121762128656,2.0856720914304665
1.25,0,0.429,6.49,44.4,335,19.7,5.98,-2.7788482724109254,2.1738535910129793,0.0,1.7884205679625405,1.0663121762128656,0.0
1.69,0,0.411,6.579,35.9,411,18.3,5.49,-2.5319982573218507,2.371205895271833,1.3862943611198906,1.7029282555214393,1.0778814520882516,3.3002714630721948
1.69,0,0.411,5.884,18.5,411,18.3,7.79,-2.6249966459669243,2.371205895271833,1.3862943611198906,2.052840859882657,1.0778814520882516,1.7173950539391913
2.02,0,0.41,6.728,36.1,187,17.0,4.5,-4.069261781854637,2.495393140512136,1.6094379124341003,1.5040773967762742,1.0860009389467897,2.598235335095003
1.91,0,0.413,5.663,21.9,334,22.0,8.05,-3.146322632186492,2.359504033718152,1.3862943611198906,2.0856720914304723,1.08393289129948,2.714694743820876
1.91,0,0.413,5.936,19.5,334,22.0,5.57,-2.2387655802810915,2.359504033718152,1.3862943611198906,1.7173950539391927,1.08393289129948,3.0846584827483907
18.1,1,0.77,6.212,97.4,666,20.2,17.6,2.195329449381762,0.7524532864573528,3.1780538303479458,2.8678989020441064,0.0,3.0041963519661183
18.1,1,0.77,6.395,91.0,666,20.2,13.27,1.347995223185688,0.9183685716691207,3.1780538303479458,2.5855058483441162,0.0,1.880990602955998
18.1,1,0.77,6.127,83.4,666,20.2,11.48,1.6489989522850654,1.0016240350184296,3.1780538303479458,2.4406063908914204,0.0,0.9042181506398739
18.1,0,0.77,6.112,81.3,666,20.2,12.67,1.4495766247463249,0.9199241231065759,3.1780538303479458,2.5392369943330477,0.0,1.9685099809725497
18.1,0,0.77,6.398,88.0,666,20.2,7.79,1.5133498301420758,0.9235443605854632,3.1780538303479458,2.052840859882657,0.0,3.150168626858409
18.1,0,0.77,6.251,91.1,666,20.2,14.19,1.3446491111511765,0.8309506847071397,3.1780538303479458,2.6525374911719513,0.0,3.855452653939752
18.1,0,0.77,5.362,96.2,666,20.2,10.19,1.302428939510188,0.7436501627330522,3.1780538303479458,2.321406847234633,0.0,2.8396630879040994
18.1,1,0.77,5.803,89.0,666,20.2,14.64,1.4404013184427842,0.6443245158623769,3.1780538303479458,2.6837575085331657,0.0,3.803546529092061
18.1,1,0.718,8.78,82.9,666,20.2,5.29,1.2453872633044583,0.6443245158623769,3.1780538303479458,1.665818245870208,0.0,3.76930670322655
18.1,0,0.718,3.561,87.9,666,20.2,7.12,1.5164165113762587,0.478219784017076,3.1780538303479458,1.9629077254238845,0.0,3.7658404952500644
18.1,0,0.718,4.963,91.4,666,20.2,14.0,1.3075081553837307,0.5609292107322363,3.1780538303479458,2.6390573296152584,0.0,4.405132623388357
18.1,0,0.631,3.863,100.0,666,20.2,13.33,2.6043327792705377,0.4125069228972105,3.1780538303479458,2.5900171341906173,0.0,5.585299193885424
18.1,0,0.631,4.97,100.0,666,20.2,3.26,1.5888718738136338,0.2870568770578626,3.1780538303479458,1.1817271953786161,0.0,3.108167702883779
18.1,1,0.631,6.683,96.8,666,20.2,3.73,1.735185590396579,0.30505528050912584,3.1780538303479458,1.3164082336557241,0.0,3.116621590829444
18.1,1,0.631,7.016,97.5,666,20.2,2.96,1.8777475450458079,0.18431955945662762,3.1780538303479458,1.085189268335969,0.0,1.7664416612437592
18.1,0,0.631,6.216,100.0,666,20.2,9.53,2.2227082049050155,0.15623422203063622,3.1780538303479458,2.254444717666111,0.0,3.457892725338701
18.1,1,0.668,5.875,89.6,666,20.2,8.88,2.1123019265293976,0.12186358775684052,3.1780538303479458,2.1838015570040787,0.0,3.9124229254494725
18.1,0,0.668,4.906,100.0,666,20.2,34.77,2.4076745719247366,0.16058706464794842,3.1780538303479458,3.5487549460197703,0.0,0.0
18.1,0,0.668,4.138,100.0,666,20.2,37.97,2.9176734300532927,0.128393214768399,3.1780538303479458,3.636796374243711,0.0,0.0
18.1,0,0.671,7.313,97.9,666,20.2,13.44,2.9759937442034943,0.274824770449225,3.1780538303479458,2.5982353350950036,0.0,0.0
18.1,0,0.671,6.649,93.3,666,20.2,23.24,2.727068206937972,0.29631966084736644,3.1780538303479458,3.1458749319837103,0.0,3.5519135990407786
18.1,0,0.671,6.794,98.8,666,20.2,21.24,2.284776456376443,0.30601302913650447,3.1780538303479458,3.055886196373738,0.0,0.0
18.1,0,0.671,6.38,96.2,666,20.2,23.69,3.163287002104859,0.3264940482371704,3.1780538303479458,3.165053018170694,0.0,0.0
18.1,0,0.671,6.223,100.0,666,20.2,21.78,2.882938645078548,0.3264940482371704,3.1780538303479458,3.0809921175048145,0.0,1.4255150742731644
18.1,0,0.671,6.968,91.9,666,20.2,17.21,4.488368918239841,0.3481890402884343,3.1780538303479458,2.845490610223448,0.0,0.0
18.1,0,0.671,6.545,99.1,666,20.2,21.08,2.764707748788905,0.41818388051593913,3.1780538303479458,3.0483247236731614,0.0,0.0
18.1,0,0.7,5.536,100.0,666,20.2,23.6,2.2177916182761837,0.45767797955509865,3.1780538303479458,3.1612467120315646,0.0,0.0
18.1,0,0.7,5.52,100.0,666,20.2,24.56,2.078501099602779,0.4272918293342714,3.1780538303479458,3.2011191032789417,0.0,0.0
18.1,0,0.7,4.368,91.2,666,20.2,30.63,2.9999682889589208,0.3642958310700935,3.1780538303479458,3.421979920844684,0.0,4.719123676063936
18.1,0,0.7,5.277,98.1,666,20.2,30.81,2.8220810208075364,0.3549434457605842,3.1780538303479458,3.4278393126085764,0.0,0.0
18.1,0,0.7,4.652,100.0,666,20.2,28.28,3.194329001650042,0.3833558225200634,3.1780538303479458,3.342154841028372,0.0,0.0
18.1,0,0.7,5.0,89.5,666,20.2,31.99,3.1178215794606357,0.41765714887352634,3.1780538303479458,3.4654233539614268,0.0,0.0
18.1,0,0.7,4.88,100.0,666,20.2,30.62,2.6626134080936033,0.4634195013687203,3.1780538303479458,3.4216533902295376,0.0,3.21807550469743
18.1,0,0.7,5.39,98.9,666,20.2,20.85,2.09823140139806,0.547022539077809,3.1780538303479458,3.0373539482448106,0.0,0.0
18.1,0,0.7,5.713,97.0,666,20.2,17.11,1.9404883346900383,0.6557048850840753,3.1780538303479458,2.839663087904102,0.0,1.2441545939587593
18.1,0,0.7,6.051,82.5,666,20.2,18.76,1.6663946392699258,0.7737128283995126,3.1780538303479458,2.9317269435780786,0.0,2.9714395809849456
18.1,0,0.7,5.036,97.0,666,20.2,25.68,2.449098108549207,0.5709795465857378,3.1780538303479458,3.2457124788217606,0.0,0.0
18.1,0,0.693,6.193,92.6,666,20.2,15.17,2.156953357037918,0.582885786302408,3.1780538303479458,2.719319793360441,0.0,0.0
18.1,0,0.693,5.887,94.7,666,20.2,16.35,2.592250197936567,0.5777924441969166,3.1780538303479458,2.7942278973432626,0.0,0.0
18.1,0,0.693,6.471,98.8,666,20.2,17.12,2.165246462026569,0.5456327652713961,3.1780538303479458,2.840247370713596,0.0,1.7783364488959075
18.1,0,0.693,6.405,96.0,666,20.2,19.37,1.7702038062623382,0.516887215144586,3.1780538303479458,2.9637254774189046,0.0,0.0
18.1,0,0.693,5.747,98.9,666,20.2,19.92,2.037579944459908,0.4906637319420382,3.1780538303479458,2.991724252156452,0.0,1.5686159179138357
18.1,0,0.693,5.453,100.0,666,20.2,30.59,3.646801462826533,0.3985076275406656,3.1780538303479458,3.420673158162812,0.0,0.0
18.1,0,0.693,5.852,77.8,666,20.2,29.97,2.2942050785484422,0.4057317392255952,3.1780538303479458,3.4001968813285717,0.0,4.090001812787963
18.1,0,0.693,5.987,100.0,666,20.2,26.77,3.2207181267873874,0.4629790143087711,3.1780538303479458,3.2872818575322613,0.0,0.0
18.1,0,0.693,6.343,100.0,666,20.2,20.32,2.655788016439399,0.45368368037863877,3.1780538303479458,3.011605622710281,0.0,0.0
18.1,0,0.693,6.404,100.0,666,20.2,20.31,2.2613161235954014,0.49408629976169266,3.1780538303479458,3.011113375592293,0.0,3.081451148956527
18.1,0,0.693,5.349,96.0,666,20.2,19.77,3.2109121992086997,0.5322739549718603,3.1780538303479458,2.9841656371825254,0.0,0.0
18.1,0,0.693,5.531,85.4,666,20.2,27.38,3.726396794273884,0.47461796679648094,3.1780538303479458,3.3098128198603027,0.0,4.225957449023992
18.1,0,0.693,5.683,100.0,666,20.2,22.98,4.21834232049674,0.3544524760856333,3.1780538303479458,3.1346242724206097,0.0,2.559550192783762
18.1,0,0.659,4.138,100.0,666,20.2,23.34,3.030916002888473,0.16390297126993653,3.1780538303479458,3.15016862685841,0.0,3.320710130749467
18.1,0,0.659,5.608,100.0,666,20.2,12.13,2.4808233243503643,0.25091434825956627,3.1780538303479458,2.495681722955959,0.0,4.186771802468027
18.1,0,0.597,5.617,97.9,666,20.2,26.4,2.0020055377667436,0.3747996937972793,3.1780538303479458,3.2733640101522705,0.0,4.421968241766829
18.1,0,0.597,6.852,100.0,666,20.2,19.78,2.6698843980022766,0.3821964811688101,3.1780538303479458,2.984671326194566,0.0,5.386969064142599
18.1,0,0.597,5.757,100.0,666,20.2,10.11,3.9344848389972373,0.3457151037023904,3.1780538303479458,2.3135250330323798,0.0,5.9796449703026395
18.1,0,0.597,6.657,100.0,666,20.2,21.22,2.642672216602734,0.4236324120636134,3.1780538303479458,3.054944133185837,0.0,5.8939895257241455
18.1,0,0.597,4.628,100.0,666,20.2,34.37,2.9344418051108834,0.4407678998105515,3.1780538303479458,3.5371840908617425,0.0,5.911094702597691
18.1,0,0.597,5.155,100.0,666,20.2,20.08,3.35535586595285,0.4633565865239419,3.1780538303479458,2.9997242948235283,0.0,5.23073421522424
18.1,0,0.693,4.519,100.0,666,20.2,36.98,3.8231065421862525,0.5057326766999812,3.1780538303479458,3.610377225958979,0.0,5.735378036245952
18.1,0,0.679,6.434,100.0,666,20.2,29.05,2.895060747382296,0.6068809804025369,3.1780538303479458,3.3690184832979204,0.0,5.915258221102729
18.1,0,0.679,6.782,90.8,666,20.2,25.79,2.3827077974677526,0.5985617380700774,3.1780538303479458,3.2499868198932536,0.0,5.930466418046399
18.1,0,0.679,5.304,89.1,666,20.2,26.64,3.2558093089214903,0.49925898739452523,3.1780538303479458,3.2824138456721883,0.0,5.600419961661047
18.1,0,0.679,5.957,100.0,666,20.2,20.62,4.297749244207548,0.5892300671401723,3.1780538303479458,3.026261478588814,0.0,5.943979780536238
18.1,0,0.718,6.824,76.5,666,20.2,22.74,2.469141361459595,0.5844477636366044,3.1780538303479458,3.12412548832239,0.0,5.856360489923138
18.1,0,0.718,6.411,100.0,666,20.2,15.02,2.4058093284292976,0.6199849149309613,3.1780538303479458,2.7093826463359885,0.0,4.371344786327021
18.1,0,0.718,6.006,95.3,666,20.2,15.7,1.9491320958628744,0.6283953033302484,3.1780538303479458,2.7536607123542622,0.0,4.3556826593342794
18.1,0,0.614,5.648,87.6,666,20.2,14.1,2.488915271185359,0.6684445679195735,3.1780538303479458,2.6461747973841225,0.0,4.666735541646246
18.1,0,0.614,6.103,85.1,666,20.2,23.29,1.9530871895177742,0.7039882037378201,3.1780538303479458,3.1480240838962494,0.0,5.979847327767791
18.1,0,0.584,5.565,70.6,666,20.2,17.16,2.173855865779787,0.7244035702104994,3.1780538303479458,2.8425810940598164,0.0,5.976985225843148
18.1,0,0.679,5.896,95.4,666,20.2,24.39,2.7638191315385248,0.6468937960424833,3.1780538303479458,3.194173212227829,0.0,5.966710682641753
18.1,0,0.584,5.837,59.7,666,20.2,15.69,2.5052973394357343,0.6919464599834264,3.1780538303479458,2.753023566744941,0.0,5.9222484364192995
18.1,0,0.679,6.202,78.7,666,20.2,14.52,3.6286489733637057,0.6221344133135258,3.1780538303479458,2.67552700939665,0.0,5.937747264601994
18.1,0,0.679,6.193,78.1,666,20.2,21.52,1.9970254990402692,0.6604173559370264,3.1780538303479458,3.0689827352935835,0.0,5.707674889371544
18.1,0,0.679,6.38,95.6,666,20.2,24.08,2.2341874014951975,0.677119419482748,3.1780538303479458,3.1813816204406202,0.0,5.8206169123876546
18.1,0,0.584,6.348,86.1,666,20.2,17.64,2.1391398522495066,0.7191559997409962,3.1780538303479458,2.8701690505786455,0.0,5.750825080989513
18.1,0,0.584,6.833,94.3,666,20.2,19.69,2.3087957667707584,0.7363024508738729,3.1780538303479458,2.9801108926510342,0.0,5.7575443861663
18.1,0,0.584,6.425,74.8,666,20.2,12.03,1.8631572244404297,0.7886391620191661,3.1780538303479458,2.4874035299865875,0.0,5.703615794099102
18.1,0,0.713,6.436,87.9,666,20.2,16.22,1.719380514282737,0.8397552001960356,3.1780538303479458,2.7862450486872667,0.0,5.696119858320856
18.1,0,0.713,6.208,95.0,666,20.2,15.17,2.6328524045363078,0.7984976961677712,3.1780538303479458,2.719319793360441,0.0,5.694640816738918
18.1,0,0.74,6.629,94.6,666,20.2,23.27,2.412371798604752,0.7536306159394559,3.1780538303479458,3.1471649773142003,0.0,5.663134076178392
18.1,0,0.74,6.461,93.3,666,20.2,18.05,2.6686716088200084,0.6944463362915655,3.1780538303479458,2.89314568477889,0.0,5.914610500247762
18.1,0,0.74,6.152,100.0,666,20.2,26.45,2.7197943017259636,0.649299780779669,3.1780538303479458,3.2752561583043085,0.0,5.962499068814966
18.1,0,0.74,5.935,87.9,666,20.2,34.02,2.6157960136595606,0.5991661170890513,3.1780538303479458,3.5269485869677157,0.0,5.795905763532007
18.1,0,0.74,5.627,93.9,666,20.2,22.88,2.2397123836213173,0.5972968549031111,3.1780538303479458,3.130263166511597,0.0,0.0
18.1,0,0.74,5.818,92.4,666,20.2,22.11,3.093362487269874,0.6239042778177846,3.1780538303479458,3.096029994869355,0.0,1.8640801308076793
18.1,0,0.74,6.406,97.2,666,20.2,19.52,2.274615567183416,0.7251786513906091,3.1780538303479458,2.9714395809849465,0.0,2.479894107964456
18.1,0,0.74,6.219,100.0,666,20.2,16.59,1.7345487010764669,0.6955443051596668,3.1780538303479458,2.808800104202353,0.0,0.7929925155296522
18.1,0,0.74,6.485,100.0,666,20.2,18.85,2.2992334826176704,0.6822884372250694,3.1780538303479458,2.93651291389402,0.0,2.4132316130811056
18.1,0,0.74,5.854,96.6,666,20.2,23.79,2.5496248422837064,0.6395354111112962,3.1780538303479458,3.1692653243148663,0.0,5.058663263106837
18.1,0,0.74,6.459,94.8,666,20.2,23.98,2.3676047483679747,0.6870788051583386,3.1780538303479458,3.177220149599368,0.0,5.8716669836523865
18.1,0,0.74,6.341,96.4,666,20.2,17.79,1.8386541873804634,0.7285143243972366,3.1780538303479458,2.8786365016777435,0.0,4.38065068849395
18.1,0,0.74,6.251,96.6,666,20.2,16.44,2.2950417131089202,0.7875478559814296,3.1780538303479458,2.799717389628034,0.0,2.2385797630181328
18.1,0,0.713,6.185,98.7,666,20.2,18.13,2.233137475268552,0.8160725273972436,3.1780538303479458,2.8975680247667595,0.0,0.0
18.1,0,0.713,6.417,98.3,666,20.2,19.31,2.018365020897442,0.7816158285475535,3.1780538303479458,2.960623096440423,0.0,4.539991459963097
18.1,0,0.713,6.749,92.6,666,20.2,17.44,1.9047488112503523,0.8431177071362403,3.1780538303479458,2.8587664184808337,0.0,5.985396171706375
18.1,0,0.713,6.655,98.2,666,20.2,17.73,1.6939885977369975,0.85662564955242,3.1780538303479458,2.8752581200861167,0.0,3.7520889675118196
18.1,0,0.713,6.297,91.8,666,20.2,17.27,1.6273112288259213,0.8621301729147193,3.1780538303479458,2.848970892158587,0.0,2.550226115908643
18.1,0,0.713,7.393,99.3,666,20.2,16.74,2.1099816583913045,0.897189458571754,3.1780538303479458,2.817801065061329,0.0,3.0924051608142507
18.1,0,0.713,6.728,94.1,666,20.2,18.71,2.2527255071970935,0.9147295138072007,3.1780538303479458,2.9290581402859983,0.0,5.9692700615982135
18.1,0,0.713,6.525,86.5,666,20.2,18.13,1.5586434409821213,0.890275244670873,3.1780538303479458,2.8975680247667595,0.0,5.849267141398181
18.1,0,0.713,5.976,87.9,666,20.2,19.01,1.540908504959681,0.9480219300356085,3.1780538303479458,2.944965156500338,0.0,5.95950937586643
18.1,0,0.713,5.936,80.3,666,20.2,16.94,2.104204883476155,1.0221631165047034,3.1780538303479458,2.8296776892239084,0.0,5.97736562272848
18.1,0,0.713,6.301,83.7,666,20.2,16.23,2.047980543910968,1.0235654143451984,3.1780538303479458,2.7868613815264998,0.0,4.8338185579367465
18.1,0,0.713,6.081,84.4,666,20.2,14.7,1.9170946562051687,0.9997123400132274,3.1780538303479458,2.6878474937846906,0.0,0.0
18.1,0,0.713,6.701,90.0,666,20.2,16.42,1.5711398135413612,0.9545494439912454,3.1780538303479458,2.7985001040242823,0.0,4.960534271126723
18.1,0,0.713,6.376,88.4,666,20.2,14.65,1.3064689215086058,0.9427768571099817,3.1780538303479458,2.6844403354630764,0.0,1.8671761085128047
18.1,0,0.713,6.317,83.0,666,20.2,13.99,1.8953564307380073,1.0059120333791893,3.1780538303479458,2.63834278867739,0.0,0.0
18.1,0,0.713,6.513,89.9,666,20.2,10.29,1.7614978367258425,1.0301906825494505,3.1780538303479458,2.331172549845958,0.0,1.4060969884160663
18.1,0,0.655,6.209,65.4,666,20.2,13.22,2.059152095906768,1.086337257792497,3.1780538303479458,2.5817308344235403,0.0,0.0
18.1,0,0.655,5.759,48.2,666,20.2,14.13,1.1517106196631253,1.1205368460839014,3.1780538303479458,2.6483001966964363,0.0,4.151039905898646
18.1,0,0.655,5.952,84.7,666,20.2,17.15,1.3283950846737085,1.0548345413222142,3.1780538303479458,2.8419981736119486,0.0,5.929296547396372
18.1,0,0.584,6.003,94.5,666,20.2,21.32,1.486655400195455,0.9322821842922008,3.1780538303479458,3.0596455992976437,0.0,4.198854716425087
18.1,0,0.58,5.926,71.0,666,20.2,18.13,2.745712007483798,1.0676031017937646,3.1780538303479458,2.8975680247667595,0.0,3.3727979071404564
18.1,0,0.58,5.713,56.7,666,20.2,14.76,2.570709658105296,1.0380480816933282,3.1780538303479458,2.6919208191723265,0.0,0.0
18.1,0,0.58,6.167,84.0,666,20.2,16.29,1.4698976454871284,1.1096841026351594,3.1780538303479458,2.790551422613954,0.0,0.0
18.1,0,0.532,6.229,90.7,666,20.2,12.87,1.3958510501498456,1.1311762795413725,3.1780538303479458,2.554899021608035,0.0,0.9439058989071257
18.1,0,0.58,6.437,75.0,666,20.2,14.36,1.272195779518779,1.0635031115545417,3.1780538303479458,2.664446563620078,0.0,1.5107219394949367
18.1,0,0.614,6.98,67.6,666,20.2,11.66,1.5361981786369632,0.929364891361427,3.1780538303479458,2.4561641809223462,0.0,3.145013976269744
18.1,0,0.584,5.427,95.4,666,20.2,18.14,2.0863910875491882,0.8878089494385047,3.1780538303479458,2.8981194446869907,0.0,3.8137484361598055
18.1,0,0.584,6.162,97.4,666,20.2,24.1,1.855222412138693,0.7911809208313108,3.1780538303479458,3.1822118404966093,0.0,4.555349491004136
18.1,0,0.614,6.484,93.6,666,20.2,18.68,1.5833834229101753,0.8352108198234132,3.1780538303479458,2.9274534328006965,0.0,0.5247285289349808
18.1,0,0.614,5.304,97.3,666,20.2,24.91,2.7096089855662036,0.7422706225194976,3.1780538303479458,3.215269329274089,0.0,3.879912951509912
18.1,0,0.614,6.185,96.7,666,20.2,18.03,2.3256177921046186,0.7749575557575112,3.1780538303479458,2.8920370372152258,0.0,2.9014215940827492
18.1,0,0.614,6.229,88.0,666,20.2,13.11,2.6626134080936033,0.6684445679195735,3.1780538303479458,2.5733752977756086,0.0,2.679650726580511
18.1,0,0.532,6.242,64.7,666,20.2,10.74,1.7619890279258779,1.2308678677885803,3.1780538303479458,2.3739750890807185,0.0,0.0
18.1,0,0.532,6.75,74.9,666,20.2,7.74,1.7419002338055392,1.2034826842367052,3.1780538303479458,2.046401687601636,0.0,1.574846467664478
18.1,0,0.532,7.061,77.0,666,20.2,7.01,1.7459179535187497,1.226888228896677,3.1780538303479458,1.9473377010464987,0.0,0.9631743177730072
18.1,0,0.532,5.762,40.3,666,20.2,10.42,1.036162251794904,1.410572253579414,3.1780538303479458,2.343727036325221,0.0,1.6054298910365539
18.1,0,0.583,5.871,41.9,666,20.2,13.34,0.8664994667703585,1.3147983594148207,3.1780538303479458,2.590767040487478,0.0,3.302113423438255
18.1,0,0.583,6.312,51.9,666,20.2,10.58,1.3011911623995625,1.384217205324691,3.1780538303479458,2.3589654264301534,0.0,2.227861546798106
18.1,0,0.583,6.114,79.8,666,20.2,14.98,1.7390177579699948,1.2657920064647443,3.1780538303479458,2.7067159780890733,0.0,1.6524974018945418
18.1,0,0.583,5.905,53.2,666,20.2,11.45,1.576019692210814,1.1481323451315006,3.1780538303479458,2.4379897300002487,0.0,2.2700619012884804
27.74,0,0.609,5.454,92.7,711,20.1,18.06,-1.8914030245566522,0.5993308843556605,1.3862943611198906,2.8936995479888394,0.0,1.0331844833456552
27.74,0,0.609,5.414,98.3,711,20.1,23.97,-1.6962493094210638,0.5626967511758802,1.3862943611198906,3.176803048446293,0.0,3.986202403602397
27.74,0,0.609,5.093,98.0,711,20.1,29.68,-1.5728167289784551,0.6002640530798894,1.3862943611198906,3.39047341829918,0.0,4.375379591952088
27.74,0,0.609,5.983,98.8,711,20.1,18.07,-2.2467720281748327,0.624921871564379,1.3862943611198906,2.8942531046041373,0.0,2.0528408598826524
27.74,0,0.609,5.983,83.5,711,20.1,13.35,-2.195346342324447,0.7466405529999453,1.3862943611198906,2.5915163848462583,0.0,0.0
9.69,0,0.585,5.707,54.0,391,19.2,12.01,-1.7526733805208532,0.8678145184170403,1.791759469228055,2.485739636091892,0.0,0.0
9.69,0,0.585,5.926,42.6,391,19.2,13.59,-1.2745025705164632,0.8678145184170403,1.791759469228055,2.6093342281630525,0.0,0.0
9.69,0,0.585,5.67,28.8,391,19.2,17.6,-1.7204253406237284,1.0291192921394758,1.791759469228055,2.8678989020441064,0.0,1.5282278570085477
9.69,0,0.585,5.39,72.9,391,19.2,21.14,-1.2392546184705757,1.0291192921394758,1.791759469228055,3.051166980442092,0.0,0.0
9.69,0,0.585,5.794,70.6,391,19.2,14.1,-1.3153513923093252,1.0621903220341422,1.791759469228055,2.6461747973841225,0.0,0.0
9.69,0,0.585,6.019,65.3,391,19.2,12.92,-1.4307897610064546,0.8792532337715917,1.791759469228055,2.558776498354456,0.0,0.0
9.69,0,0.585,5.569,73.5,391,19.2,15.1,-1.726927241226568,0.8754270698191536,1.791759469228055,2.714694743820879,0.0,0.7561219797213317
9.69,0,0.585,6.027,79.7,391,19.2,14.33,-1.4944142358653185,0.9155704725496719,1.791759469228055,2.6623552418400807,0.0,0.0
11.93,0,0.573,6.593,69.1,273,21.0,9.67,-2.7705108824448157,0.9076938846486369,0.0,2.269028309465203,0.0,1.7766458314180014
11.93,0,0.573,6.12,76.7,273,21.0,9.08,-3.09511071753427,0.8274595181675394,0.0,2.206074192613202,0.0,0.0
11.93,0,0.573,6.976,91.0,273,21.0,5.64,-2.800823601254565,0.7735744296725598,0.0,1.7298840655099674,0.0,0.0
11.93,0,0.573,6.794,89.3,273,21.0,6.48,-2.211009149506836,0.8708330089493718,0.0,1.8687205103641833,0.0,1.4929040961781463
11.93,0,0.573,6.03,80.8,273,21.0,7.88,-3.04892210206811,0.9182887345368281,0.0,2.064327903869788,0.0,0.0
