crim,zn,indus,nox,rm,age,dis,rad,tax,ptratio,b,lstat,chas_1
-0.5048514991332863,-0.46177254676057233,0.2687211350248019,-1.0395342261658467,0.036948940090130666,0.1922897407068875,0.18847151919799468,-0.5057752062695084,0.008184256410724094,0.08976392403478806,0.15061461422975111,-0.11592845808609593,-0.26523905970646533
0.2796067664874929,-0.46177254676057233,1.3153675161100649,2.7439091013034007,-1.4007514221104131,1.1378100436667458,-1.2572020238930408,-0.5057752062695084,0.03903817880867475,-1.8488637889598687,0.430001928409512,2.1718310053851373,-0.26523905970646533
-0.4873399991862476,0.7919158391722446,-0.8120381651476848,-1.0918398942875414,0.8151862508250737,-1.9212262306151484,2.2549787354108775,-0.2674342351734791,-0.4114290882014048,0.2836266953342548,0.3920129476518512,-0.9724529354133882,-0.26523905970646533
-0.2522971917132482,-0.46177254676057233,-0.45850427642555136,-0.1590554794506528,-0.546285855426489,0.47038394745978696,0.1544157343243914,-0.6249456918175231,-0.5533571312319778,1.204474859006716,-1.5451846344017963,2.376066971328244,-0.26523905970646533
-0.5163537276298893,1.133830853517558,0.6114009131282732,-0.8041587196182204,-0.01623356406032146,0.29611157789463655,-0.05090451210006636,-0.6249456918175231,-0.7816761569768127,-0.15256454008954404,0.430001928409512,-0.3344134449089543,-0.26523905970646533
-0.511793277587628,-0.46177254676057233,-1.2182920197318907,-0.8390291650326835,-0.6916513667710567,-1.6134686418086064,0.8249095310481005,-0.6249456918175231,0.20564935975760829,-0.7826185468128078,0.25616627595515123,-0.43257336652502093,-0.26523905970646533
-0.5085991957026693,1.247802524965996,-0.9562427776527657,-1.1179927283483886,0.3950444680365053,-1.8841470030480951,1.35890642794883,-0.38660472072149377,-0.5965526225891087,-0.9280156252874057,0.2197401330134701,-1.0041174262572805,-0.26523905970646533
-0.5170074641189436,-0.46177254676057233,-0.9159275096405924,-0.35956054058381587,-0.39205659339017956,-1.290879361975243,1.246883701499646,-0.5057752062695084,-1.0655322430379586,0.8167493164077844,0.430001928409512,-0.7428853767951675,-0.26523905970646533
0.42454191296619526,-0.46177254676057233,1.0858806058869261,0.23323703146205657,-0.6260596116521664,-0.5974978064713469,-0.3042423201549908,1.7584640191427705,1.6619544969408793,0.8167493164077844,0.32565244961948125,-0.19825613428021666,-0.26523905970646533
-0.5127552321811313,1.8176608822081857,-0.7267558674296264,-0.9523581126296887,1.0066432657666993,-1.5467260321879104,0.6322917638691026,-0.6249456918175231,-0.8804087086502548,-0.44335869703874153,0.38852661713928077,-1.3524268255400982,3.770183777256185
0.20023765983291575,-0.46177254676057233,1.0858806058869261,1.3665265074321078,0.20890570350992518,0.707691003888928,-0.6246514087085713,1.7584640191427705,1.6619544969408793,0.8167493164077844,0.3642425218448267,0.3083757192220635,-0.26523905970646533
1.6518644417094712,-0.46177254676057233,1.0858806058869261,1.4101145642001867,0.2709519583521175,1.1378100436667458,-1.012405538089374,1.7584640191427705,1.6619544969408793,0.8167493164077844,-0.5095040355813809,0.3669550272832645,-0.26523905970646533
-0.5074507397083848,0.25055039979216454,-0.5003701316689619,-0.2811020384012738,-0.43637534684888996,-0.10063615707283348,1.0142969263500206,-0.5057752062695084,-0.5286739933136173,-1.6065353248355365,0.41437355024971523,-0.043100129145143336,-0.26523905970646533
-0.48163894584026096,-0.46177254676057233,-0.649226505867755,-0.943640501276073,-1.1632029035717282,-0.27120060388127826,1.3029498167899514,-0.7441161773655378,-1.0099951827216476,-0.2979616185641436,0.430001928409512,0.5537755232622302,-0.26523905970646533
-0.5148047844170852,-0.46177254676057233,-0.9159275096405924,-0.35956054058381587,0.10254069520902094,-1.1573941427338512,1.5059157243887422,-0.5057752062695084,-1.0655322430379586,0.8167493164077844,0.3435649753564791,-1.1117766951265151,-0.26523905970646533
-0.28774620007016277,-0.46177254676057233,1.3153675161100649,0.42502448124160386,-0.6792421158026185,0.9375822148046579,-0.7019613254955938,-0.5057752062695084,0.03903817880867475,-1.8488637889598687,-0.8276016402800248,0.2735447792937816,-0.26523905970646533
1.3187591977056947,-0.46177254676057233,1.0858806058869261,1.601902013979734,-1.1188841501130196,0.911626755507721,-1.0352371494917736,1.7584640191427705,1.6619544969408793,0.8167493164077844,0.430001928409512,1.6113695174482396,-0.26523905970646533
1.056707061054292,-0.46177254676057233,1.0858806058869261,0.24195464281567236,-1.4734341777826976,0.9672455968583009,-0.6998259949327793,1.7584640191427705,1.6619544969408793,0.8167493164077844,-0.10280554854603989,0.8609210844479877,-0.26523905970646533
-0.370831592531886,-0.46177254676057233,-0.45850427642555136,-0.1590554794506528,-0.4753758498925533,0.4592601791896711,0.30109651837002405,-0.6249456918175231,-0.5533571312319778,1.204474859006716,0.30798036046955624,0.3115421683064527,-0.26523905970646533
2.042084267323023,-0.46177254676057233,1.0858806058869261,0.20708419740120923,-0.9664276382150575,-0.4677205099866605,-0.48415760808852887,1.7584640191427705,1.6619544969408793,0.8167493164077844,0.430001928409512,0.3257911891862043,-0.26523905970646533
0.12719585859642232,-0.46177254676057233,1.3153675161100649,2.7439091013034007,-1.515980181103059,1.1378100436667458,-1.3065883871663369,-0.5057752062695084,0.03903817880867475,-1.8488637889598687,0.430001928409512,2.235159987072922,3.770183777256185
-0.5198795856909748,-0.46177254676057233,-1.4276212959489434,-0.3334077065229685,0.4996367261990605,-0.3564828272855007,1.4010655185479854,-0.9824571484615672,0.15628308392088724,-1.2672754750614712,0.3465704326949017,-0.6415590060947115,-0.26523905970646533
-0.511227883867365,-0.46177254676057233,-1.382654266243058,-0.8564643877399152,1.5756960601765333,-0.5604185789042936,1.2889880400330882,-0.7441161773655378,-1.077873811997139,0.08976392403478806,0.430001928409512,-1.167189554103327,-0.26523905970646533
-0.38229652074833287,-0.46177254676057233,-0.45850427642555136,-0.1590554794506528,-0.9416091362781795,0.006893602871621193,0.04847048716937107,-0.6249456918175231,-0.5533571312319778,1.204474859006716,0.35847204375505515,-0.22517095149752525,-0.26523905970646533
2.5916351843829486,-0.46177254676057233,1.0858806058869261,1.0003868305802457,0.5085004768908022,1.1044387388563977,-1.198398305317076,1.7584640191427705,1.6619544969408793,0.8167493164077844,0.430001928409512,1.326389099853207,-0.26523905970646533
-0.49817474898531783,0.25055039979216454,-0.7794758332916989,-1.2836273440670887,-1.1773849046785154,-1.2055971385710207,1.527597542411165,-0.6249456918175231,-0.31886732100755283,0.18669530968452056,0.430001928409512,0.06139269063970194,-0.26523905970646533
-0.4193612201878049,-0.46177254676057233,-0.7593181992856123,-0.45545426547358947,-0.49133060113768945,-0.045017315722253586,-0.019969594972114847,-0.14826374962546437,-0.5533571312319778,-0.5402900826884757,0.20699699389855838,-0.166591643436324,-0.26523905970646533
-0.5175100363147331,0.6779441677238066,-1.2043367346507539,-0.9881003191795134,1.258373785412171,-1.190765447544199,0.8413899028277703,-0.5057752062695084,-1.1148985188746796,-1.7519324033101353,0.37385998532777903,-1.2843481702257293,-0.26523905970646533
-0.4936162621156963,-0.46177254676057233,-0.04449748568515836,-1.2487568986526254,-0.5267856039046565,-1.9212262306151484,0.8647142828215888,-0.6249456918175231,-0.5656987001911581,0.3320923881591202,0.19004621450985482,-0.44682238740477254,-0.26523905970646533
-0.5112396629032038,-0.46177254676057233,2.2565739654711834,0.215801808754825,-0.6881058664943602,0.014309448385031951,-0.7940543000251773,-0.8632866629135525,-1.2876804843032035,0.2836266953342548,0.3368327509184126,0.2640454320406138,-0.26523905970646533
4.567804027060985,-0.46177254676057233,1.0858806058869261,1.070127721409172,-1.6914824447995485,0.7336464631858649,-1.128151405007055,1.7584640191427705,1.6619544969408793,0.8167493164077844,-2.8103619555841584,2.2066619453134186,-0.26523905970646533
-0.40410736877653913,-0.46177254676057233,-0.7593181992856123,-0.42930143141274213,0.6379112369902354,0.42588887437932293,-0.23864934543059063,-0.14826374962546437,-0.5533571312319778,-0.5402900826884757,0.430001928409512,-0.8077975830251471,-0.26523905970646533
-0.30278606566369004,-0.46177254676057233,-0.45850427642555136,-0.1590554794506528,-0.9664276382150575,0.9190426010211312,0.2874632540074397,-0.6249456918175231,-0.5533571312319778,1.204474859006716,-0.01155986375153049,1.5670392302667906,-0.26523905970646533
0.5958306889616068,-0.46177254676057233,1.0858806058869261,-0.2113611475723475,0.8719142552522222,0.20712143173370903,-0.2060171142655301,1.7584640191427705,1.6619544969408793,0.8167493164077844,0.38395832198487856,-0.7856324394344224,-0.26523905970646533
-0.4243025257221879,-0.46177254676057233,-0.7593181992856123,-0.42930143141274213,1.9497463393680423,0.08475998076243284,0.2409239981512293,-0.14826374962546437,-0.5533571312319778,-0.5402900826884757,0.34789283392380776,-1.2621830266350045,-0.26523905970646533
-0.45991055106292644,-0.46177254676057233,-0.7593181992856123,-0.42930143141274213,-0.3051918366111078,-0.2897402176648049,-0.030700999851899873,-0.14826374962546437,-0.5533571312319778,-0.5402900826884757,0.1877620669326537,-0.28849993318531003,-0.26523905970646533
-0.33714943955079374,-0.46177254676057233,-0.45850427642555136,-0.1590554794506528,-0.37432909200669606,0.722522694915749,0.40813680683930803,-0.6249456918175231,-0.5533571312319778,1.204474859006716,-0.6582140646865294,0.72476377381925,-0.26523905970646533
-0.48331353210201256,0.25055039979216454,-0.5003701316689619,-0.2811020384012738,-1.1117931495596252,1.1378100436667458,1.2998837011100126,-0.5057752062695084,-0.5286739933136173,-1.6065353248355365,0.30653774094711334,2.72754281969545,-0.26523905970646533
2.4765147407849275,-0.46177254676057233,1.0858806058869261,1.0003868305802457,0.692866491279035,0.8893792189674887,-1.293831155855164,1.7584640191427705,1.6619544969408793,0.8167493164077844,0.02270234990648632,1.668365600967246,-0.26523905970646533
-0.5174452516176196,-0.46177254676057233,-0.9159275096405924,-0.35956054058381587,0.0919041943789302,-1.1425624517070299,1.5059157243887422,-0.5057752062695084,-1.0655322430379586,0.8167493164077844,0.33983820825683514,-0.9423716691116902,-0.26523905970646533
-0.4991484826146598,-0.46177254676057233,-0.16854446418415264,-0.08059697726811073,-0.6845603662176639,0.14037882211301272,-0.6737092595875883,-0.38660472072149377,0.21799092871678855,-0.346427311389009,-0.27051006803001876,0.4223678862600763,-0.26523905970646533
-0.5049869580454327,-0.46177254676057233,-0.16854446418415264,-0.08059697726811073,0.8098680004100284,0.45555225643296543,-0.5642051281612107,-0.38660472072149377,0.21799092871678855,-0.346427311389009,0.41425333195617775,-0.4024921002233231,-0.26523905970646533
-0.5171841496565258,2.5299838287609226,-0.8957698756345058,-1.3184977894815513,-0.08714356959425709,-1.4095328901898134,1.9761264647336068,-0.38660472072149377,-0.6397481139462396,-0.9280156252874057,0.430001928409512,-0.8806259119661,-0.26523905970646533
0.3874811398720028,-0.46177254676057233,1.0858806058869261,0.5034829834241459,1.2796467870723525,-0.06355692950578022,-0.6433766151824817,1.7584640191427705,1.6619544969408793,0.8167493164077844,0.16287688017051496,-0.1650084188941294,-0.26523905970646533
-0.4608960637281073,-0.46177254676057233,1.673553166525911,0.5906590969603037,0.3064069611190861,1.0933149705862817,-1.0378104965802935,-0.6249456918175231,0.2488448511147392,1.3014062446564485,0.430001928409512,0.4255343353444658,-0.26523905970646533
-0.5054483036157862,-0.46177254676057233,2.2565739654711834,0.215801808754825,-0.6721511152492258,0.9820772878851218,-0.9317009932281337,-0.8632866629135525,-1.2876804843032035,0.2836266953342548,0.21937947813285902,0.7722605100850883,-0.26523905970646533
-0.06717001177986835,-0.46177254676057233,1.3153675161100649,2.7439091013034007,-1.900666961124659,0.9079188327510154,-1.1927040904829043,-0.5057752062695084,0.03903817880867475,-1.8488637889598687,-0.04978928109626558,2.4726436684021156,-0.26523905970646533
0.7096731071711168,-0.46177254676057233,1.0858806058869261,1.601902013979734,0.1468594486677313,1.0043248244253542,-0.8957288860545686,1.7584640191427705,1.6619544969408793,0.8167493164077844,-0.5184001893031118,0.8055082254711755,-0.26523905970646533
-0.4918808175021108,-0.46177254676057233,-0.576348905999596,-0.5513479903633631,0.29754321042734433,-0.630869111281695,0.4557711040097821,-0.5057752062695084,-0.6767728208237804,0.5259551594585868,0.430001928409512,-0.8711265647129321,-0.26523905970646533
0.8420066484749266,-0.46177254676057233,1.0858806058869261,1.2531975598351024,-0.9664276382150575,1.026572360965586,-0.9753931416672582,1.7584640191427705,1.6619544969408793,0.8167493164077844,0.40030800990589743,0.6978489566019411,-0.26523905970646533
0.47450465664916985,-0.46177254676057233,1.0858806058869261,1.3665265074321078,0.06885844258040132,0.8337603776169088,-0.7335532674121037,1.7584640191427705,1.6619544969408793,0.8167493164077844,0.28802412374243014,0.7231805492770551,-0.26523905970646533
0.23097898019958377,-0.46177254676057233,1.0858806058869261,1.8634303545882074,0.24258795613854323,0.8040969955632663,-0.6585429373850351,1.7584640191427705,1.6619544969408793,0.8167493164077844,0.36316055720299417,0.08989073239920514,3.770183777256185
4.3442182951138735,-0.46177254676057233,1.0858806058869261,1.192174280359792,-1.611708688573871,0.9894931333985326,-1.0978735126676615,1.7584640191427705,1.6619544969408793,0.8167493164077844,0.430001928409512,1.1189866848257113,-0.26523905970646533
-0.17135754694682911,-0.46177254676057233,1.3153675161100649,0.42502448124160386,-0.6756966155259221,0.36656211027203794,-0.7019613254955938,-0.5057752062695084,0.03903817880867475,-1.8488637889598687,-1.6051735628767103,-0.08901364086878732,-0.26523905970646533
0.8104034953193852,-0.46177254676057233,1.0858806058869261,1.3665265074321078,-0.31405558730284955,0.559374093620715,-0.5423043018759355,1.7584640191427705,1.6619544969408793,0.8167493164077844,0.430001928409512,0.31629184193303644,-0.26523905970646533
-0.4963647038114199,-0.46177254676057233,-0.16854446418415264,-0.08059697726811073,-0.9345181357247868,-0.15254707566670772,-0.5194726904735357,-0.38660472072149377,0.21799092871678855,-0.346427311389009,0.36508404989958493,0.14372036683382236,-0.26523905970646533
-0.47969147858157685,-0.46177254676057233,-0.07861040477238185,-0.5862184357778263,0.12026819659250446,-0.6234532657682843,0.35420602211181684,-0.6249456918175231,-0.7384806656196817,0.041298231209922674,0.4055976148215211,-0.2742509123055584,-0.26523905970646533
-0.5023543435354574,-0.46177254676057233,0.4330833815359692,-0.054444143207263374,0.20358745309487983,0.8560079141571411,-0.1887154615001624,-0.5057752062695084,-0.7446514500992719,-1.02494701093714,0.3920129476518512,-0.3486624657887059,3.770183777256185
0.6180086502734563,-0.46177254676057233,1.0858806058869261,1.3665265074321078,0.45177247246365376,0.763309845239508,-0.4962578146111436,1.7584640191427705,1.6619544969408793,0.8167493164077844,0.39297469400014623,-0.38191018117479314,-0.26523905970646533
-0.5051361591660576,-0.46177254676057233,-1.33923782376841,-0.5949360471314421,0.5404099793810729,0.9746614423717112,-0.47140037677735597,-0.7441161773655378,-1.2568265619052528,-0.346427311389009,0.430001928409512,-1.1117766951265151,-0.26523905970646533
-0.5191394696057692,1.133830853517558,0.6114009131282732,-0.8041587196182204,-0.08359806931755913,-1.4985230363507414,-0.023035710652053322,-0.6249456918175231,-0.7816761569768127,-0.15256454008954404,0.42314948567790867,-1.0278657943902,-0.26523905970646533
0.6003420596878732,-0.46177254676057233,1.0858806058869261,-0.2113611475723475,1.4232395482785714,0.28498780962452064,-0.1628177344178242,1.7584640191427705,1.6619544969408793,0.8167493164077844,0.41052656485653377,-0.9012078310146301,-0.26523905970646533
0.9527021009428328,-0.46177254676057233,1.0858806058869261,1.3665265074321078,0.2815884591822082,1.074775356802755,-0.8338590517986654,1.7584640191427705,1.6619544969408793,0.8167493164077844,-0.6843014343840375,1.0461583558847585,-0.26523905970646533
-0.5148519005604404,-0.46177254676057233,-1.0244686158272123,-0.9349228899224572,0.23195145530845407,-0.790309789820024,0.5866285410643031,-0.7441161773655378,-0.9236042000073856,-0.007167461614944432,0.430001928409512,-0.487986225501833,-0.26523905970646533
-0.4380545500640047,-0.46177254676057233,-0.7593181992856123,-0.45545426547358947,0.5209097278592404,-1.7766172431036407,-0.18225471774600613,-0.14826374962546437,-0.5533571312319778,-0.5402900826884757,0.23092043431240142,-1.415755807227883,-0.26523905970646533
-0.3517790020626023,-0.46177254676057233,1.673553166525911,0.5906590969603037,-1.101156648729536,0.9412901375613635,-0.9461555385764155,-0.6249456918175231,0.2488448511147392,1.3014062446564485,0.430001928409512,0.89258557529188,-0.26523905970646533
-0.4972402788087718,0.7919158391722446,-0.8120381651476848,-1.0918398942875414,0.405680968866596,-2.088082754666888,2.019654356975592,-0.2674342351734791,-0.4114290882014048,0.2836266953342548,0.422548394210224,-1.0769457551982333,-0.26523905970646533
1.1723320400207422,-0.46177254676057233,1.0858806058869261,1.192174280359792,-0.11550757180783135,0.8634237596705513,-1.0494726865772026,1.7584640191427705,1.6619544969408793,0.8167493164077844,0.430001928409512,0.39070339541618393,-0.26523905970646533
2.424569192735752,-0.46177254676057233,1.0858806058869261,0.5034829834241459,-1.6914824447995485,1.0376961292357019,-0.8800150431948837,1.7584640191427705,1.6619544969408793,0.8167493164077844,-0.14007321954247925,1.9327640995137487,-0.26523905970646533
-0.37053711663591565,0.6779441677238066,-1.1050991518515585,0.7911641580934669,1.3399202917761974,0.5667899391341252,-0.8623848780352368,-0.5057752062695084,-0.8187008638543535,-2.6727805669825973,0.2757618578016663,0.33054086281278805,-0.26523905970646533
2.5888671109608272,-0.46177254676057233,1.0858806058869261,1.070127721409172,-0.6420143628973025,0.9672455968583009,-0.9846462407727872,1.7584640191427705,1.6619544969408793,0.8167493164077844,-4.249134492633808,1.8504364233196282,-0.26523905970646533
1.7481580596917854,-0.46177254676057233,1.0858806058869261,1.2531975598351024,-2.166579481876918,1.026572360965586,-1.0610801245083987,1.7584640191427705,1.6619544969408793,0.8167493164077844,0.430001928409512,2.0546723892627345,-0.26523905970646533
-0.5000888423091253,2.1025900608292805,-1.1872802751071423,-1.0395342261658467,0.5280007284126348,-1.4911071908373306,0.47017089729235073,-0.5057752062695084,0.008184256410724094,-1.6065353248355365,0.26097500769662707,-1.289097843852313,-0.26523905970646533
1.044278215071702,-0.46177254676057233,1.0858806058869261,1.2531975598351024,-1.3085684149162975,1.1378100436667458,-1.1907877681829426,1.7584640191427705,1.6619544969408793,0.8167493164077844,0.430001928409512,1.8773512405369366,-0.26523905970646533
-0.5197912429221836,2.67244841807147,-1.1345603092450698,-0.6298064925459051,0.7761857477814087,-0.4788442782567766,1.1082514711138522,-0.5057752062695084,-0.16459770901779958,-0.44335869703874153,0.430001928409512,-0.8742930137973214,-0.26523905970646533
-0.5090507254098239,-0.46177254676057233,-0.7965322928353106,-0.49904232224166845,-0.7235608692613289,-1.0313247690058702,0.12386408165643205,-0.5057752062695084,-0.7261390966605015,0.3320923881591202,0.430001928409512,-0.6225603115883761,-0.26523905970646533
-0.19956441143551207,-0.46177254676057233,1.3153675161100649,2.7439091013034007,-0.24137283163056653,1.0376961292357019,-1.1443032643924453,-0.5057752062695084,0.03903817880867475,-1.8488637889598687,0.14027584098557735,0.22129836940135902,-0.26523905970646533
1.2387265386988644,-0.46177254676057233,1.0858806058869261,1.8634303545882074,-0.08182531917921172,1.0414040519924075,-0.868243349066548,1.7584640191427705,1.6619544969408793,0.8167493164077844,0.19954345969927037,0.775426959169478,3.770183777256185
-0.5219585855165256,2.9573775966925644,-1.2663602239002512,-1.3533682348960143,0.6130927350533576,-1.8730232347779794,1.3751677914656473,-0.9824571484615672,-0.8125300793747633,-1.4126725535360707,0.18716097546496904,-1.3175958856118162,-0.26523905970646533
-0.5032691819856054,-0.46177254676057233,0.12916828421343338,0.14606091792589873,0.9499152613395506,0.7410623086992757,-0.7222195898094735,-0.9824571484615672,-0.7631638035380423,1.204474859006716,0.38852661713928077,-0.9851187317509451,-0.26523905970646533
-0.3945251231216629,0.6779441677238066,-1.1050991518515585,0.7911641580934669,1.9054275859093337,1.1378100436667458,-0.9928590506297654,-0.5057752062695084,-0.8187008638543535,-2.6727805669825973,0.2663848309057882,-0.7777163167234492,-0.26523905970646533
-0.5134187845333845,0.25055039979216454,-0.7794758332916989,-1.2836273440670887,-0.6739238653875731,-1.7766172431036407,1.527597542411165,-0.6249456918175231,-0.31886732100755283,0.18669530968452056,0.42170686615546576,-0.728636355915416,-0.26523905970646533
-0.5107174589810163,-0.46177254676057233,2.2565739654711834,0.215801808754825,-0.45055734795567703,0.5482503253505986,-0.82706979565023,-0.8632866629135525,-1.2876804843032035,0.2836266953342548,0.19882214993804892,0.24821318661866762,-0.26523905970646533
-0.480733923253312,-0.46177254676057233,-0.21816325558375035,0.2506722541692881,-0.40978409477366307,0.3851017240555646,-0.6623755819849582,-0.38660472072149377,-0.03501123494640682,0.3320923881591202,0.430001928409512,0.25771253387183546,-0.26523905970646533
-0.4628788680943079,-0.46177254676057233,-0.7593181992856123,-0.45545426547358947,3.559403464988381,0.3331908054616898,-0.4454478976293045,-0.14826374962546437,-0.5533571312319778,-0.5402900826884757,0.28754325056828295,-1.3555932746244876,-0.26523905970646533
-0.49640593043685566,0.25055039979216454,-0.5003701316689619,-0.2811020384012738,-0.15273532471314738,0.9932010561552378,1.2278299826314565,-0.5057752062695084,-0.5286739933136173,-1.6065353248355365,0.430001928409512,1.0208267632096444,-0.26523905970646533
-0.5186722345174961,-0.46177254676057233,-1.0399744881395867,-0.9959461693977677,-0.432829846572192,-0.7717701760364973,2.3574198503602535,-0.7441161773655378,-0.2756718296504219,0.13822961685965518,0.29463612988695986,-0.3439127921621221,-0.26523905970646533
2.2891691757685706,-0.46177254676057233,1.0858806058869261,0.5034829834241459,-0.05168856682728849,0.6928593128621066,-0.9618693814361007,1.7584640191427705,1.6619544969408793,0.8167493164077844,0.26674548578639856,0.06455913972409112,-0.26523905970646533
-0.5067655924570937,-0.46177254676057233,-1.0926944540016592,-0.4031485973518948,0.2798157090438608,0.5482503253505986,-0.5812877726637257,-0.5057752062695084,-0.6212357605074692,-0.9280156252874057,0.41317136731434595,-0.5798132489491212,-0.26523905970646533
-0.08456961088643826,-0.46177254676057233,1.3153675161100649,0.42502448124160386,-0.7164698687079345,0.8337603776169088,-0.704096656058408,-0.5057752062695084,0.03903817880867475,-1.8488637889598687,0.4084828538664069,-0.16817486797851858,-0.26523905970646533
-0.501722201945441,0.25055039979216454,-0.5003701316689619,-0.2811020384012738,-0.4416935972639337,0.5037552522701351,1.3790551881312838,-0.5057752062695084,-0.5286739933136173,-1.6065353248355365,0.430001928409512,0.08989073239920514,-0.26523905970646533
-0.46904519335592765,-0.46177254676057233,-0.576348905999596,-0.5513479903633631,-0.9752913889067992,0.18487389519347674,0.554708086753514,-0.5057752062695084,-0.6767728208237804,0.5259551594585868,0.36063597303871947,-0.15234262255657238,-0.26523905970646533
-0.4811776002699074,-0.46177254676057233,-0.16854446418415264,-0.08059697726811073,-0.29455533578101867,0.9672455968583009,-0.6351090532597903,-0.38660472072149377,0.21799092871678855,-0.346427311389009,0.430001928409512,0.6946825075175519,-0.26523905970646533
-0.5170643961254979,-0.46177254676057233,-1.1919320368008546,-0.5862184357778263,0.26031545752202834,0.17004220416665575,-0.33720306371433045,-0.8632866629135525,-0.7816761569768127,-0.346427311389009,0.3897288000746501,-0.7128041104934697,-0.26523905970646533
-0.48913433897902714,-0.46177254676057233,-0.576348905999596,-0.5513479903633631,0.20890570350992518,-0.5567106561475885,0.4557711040097821,-0.5057752062695084,-0.6767728208237804,0.5259551594585868,0.430001928409512,-0.9233729746053547,-0.26523905970646533
-0.5051518645471761,1.4757458678628719,-0.7763746588292241,-1.0744046715803097,1.2831922873490489,-1.9138103851017376,0.9766275051393464,-0.2674342351734791,-0.4175998726809949,-1.1703440894117378,0.35222069249113647,-1.2416011075864744,-0.26523905970646533
-0.506912830405079,-0.46177254676057233,-1.33923782376841,-0.5949360471314421,1.5898780612833203,0.8485920686437304,-0.5515574009814642,-0.7441161773655378,-1.2568265619052528,-0.346427311389009,0.39658124280625345,-1.2479340057552528,-0.26523905970646533
0.7302962357522423,-0.46177254676057233,1.0858806058869261,0.24195464281567236,-0.17046282609663088,1.0414040519924075,-0.8223611179988958,1.7584640191427705,1.6619544969408793,0.8167493164077844,-0.7017330869468882,1.8045229115959842,-0.26523905970646533
-0.49295859928136243,0.6779441677238066,-0.6414735697115679,-0.8041587196182204,-0.03218831530545599,-1.9657213036956125,0.39477730280529,-0.7441161773655378,-1.0717030275175488,0.041298231209922674,0.430001928409512,-0.9677032617868043,-0.26523905970646533
-0.4834823649490356,0.6779441677238066,-1.2043367346507539,-0.9881003191795134,0.9818247638298229,-1.3761615853794653,0.2150262710688911,-0.5057752062695084,-1.1148985188746796,-1.7519324033101353,0.430001928409512,-1.243184332128669,-0.26523905970646533
-0.5110158612222663,-0.46177254676057233,0.4330833815359692,-0.054444143207263374,0.6804572403105968,0.5853295529176519,-0.1570687675179394,-0.5057752062695084,-0.7446514500992719,-1.02494701093714,0.38047199147230815,-0.4769036537064706,-0.26523905970646533
1.431820273204563,-0.46177254676057233,1.0858806058869261,1.601902013979734,0.4021354685898996,1.1378100436667458,-0.9469768195621133,1.7584640191427705,1.6619544969408793,0.8167493164077844,0.30773992388248267,0.9733300269438061,-0.26523905970646533
-0.5113162266361561,-0.46177254676057233,-1.2725625728252006,-0.9697933353369204,2.05256584739225,-0.2526609900977516,-0.11649748682446653,-0.8632866629135525,-0.7446514500992719,-0.24949592573927654,0.430001928409512,-1.031032243474589,-0.26523905970646533
-0.4861935063646029,0.7919158391722446,-0.8120381651476848,-1.0918398942875414,-0.05700681724233386,0.36656211027203794,2.3803609658940794,-0.2674342351734791,-0.4114290882014048,0.2836266953342548,0.18042875102690248,-0.4040753247655177,-0.26523905970646533
-0.511744198271633,-0.46177254676057233,-1.0926944540016592,-0.4031485973518948,1.0669167704705456,0.1885818179501824,-0.4340047158952482,-0.5057752062695084,-0.6212357605074692,-0.9280156252874057,0.36231902914823594,-0.9154568518943816,-0.26523905970646533
-0.44474307924781203,-0.46177254676057233,-0.7593181992856123,-0.42930143141274213,-0.1669173258199345,0.8152207638333822,-0.3613487246938466,-0.14826374962546437,-0.5533571312319778,-0.5402900826884757,0.4100456916823866,1.3865516324566032,3.770183777256185
-0.2611609161819567,-0.46177254676057233,1.3153675161100649,0.42502448124160386,-0.34064683937807644,1.1378100436667458,-1.0680336368539736,-0.5057752062695084,0.03903817880867475,-1.8488637889598687,-0.08705695209270563,-0.9930348544619183,-0.26523905970646533
-0.5184288011101607,-0.46177254676057233,-1.382654266243058,-0.8564643877399152,1.3115562895626232,-0.8718840904675412,1.2889880400330882,-0.7441161773655378,-1.077873811997139,0.08976392403478806,0.4027123757766354,-1.5455802196878423,-0.26523905970646533
-0.4798740536370785,-0.46177254676057233,-0.39337961271357946,-0.31597248381573695,0.26031545752202834,0.5964533211877683,-0.5438373597159046,-0.5057752062695084,-0.07820672630353774,1.156009166181849,-3.4903166238288788,-0.32808054674017567,-0.26523905970646533
-0.5083184620151775,-0.46177254676057233,0.2687211350248019,-1.0395342261658467,-0.6810148659409675,-1.213012984084431,0.43507482317019686,-0.5057752062695084,0.008184256410724094,0.08976392403478806,0.4199035917524125,-0.5703139016959534,-0.26523905970646533
-0.3958718595525675,0.6779441677238066,-1.1050991518515585,0.7911641580934669,1.0350072679802733,1.1378100436667458,-0.9292919023367534,-0.5057752062695084,-0.8187008638543535,-2.6727805669825973,0.3702534365216718,-0.9186233009787709,-0.26523905970646533
-0.460034230939234,-0.46177254676057233,1.673553166525911,0.5906590969603037,-0.773197873135083,0.9672455968583009,-0.6778704165817907,-0.6249456918175231,0.2488448511147392,1.3014062446564485,0.33130270941571527,0.3685382518254591,-0.26523905970646533
-0.491174075351782,-0.46177254676057233,-0.39337961271357946,-0.31597248381573695,-0.7483793711982052,0.8374683003736145,-0.8196235147132364,-0.5057752062695084,-0.07820672630353774,1.156009166181849,0.41521507830447346,0.943248760642108,-0.26523905970646533
-0.24722042726671883,-0.46177254676057233,1.3153675161100649,2.7439091013034007,-0.22896358066212838,0.9894931333985326,-1.0723590500453155,-0.5057752062695084,0.03903817880867475,-1.8488637889598687,-0.4822144829485043,0.3827872727052107,3.770183777256185
4.11776633111265,-0.46177254676057233,1.0858806058869261,1.0003868305802457,0.21599670406331797,0.9969089789119434,-1.2712733047813303,1.7584640191427705,1.6619544969408793,0.8167493164077844,0.430001928409512,1.7396107053660046,-0.26523905970646533
5.1008446622201715,-0.46177254676057233,1.0858806058869261,0.3552835904126776,-1.9556222154134584,1.1378100436667458,-1.1599623551864175,1.7584640191427705,1.6619544969408793,0.8167493164077844,-1.8052168033221163,1.1680666456337445,-0.26523905970646533
-0.4990326554289115,-0.46177254676057233,-0.39337961271357946,-0.31597248381573695,-0.23250908093882477,0.5890374756743575,-0.8681338449351216,-0.5057752062695084,-0.07820672630353774,1.156009166181849,0.31928088006202504,0.21971514485916444,-0.26523905970646533
-0.5120897166562383,3.527235953934754,-1.3733507428556335,-1.3620858462496301,0.15395044922112408,-1.82482023894081,2.2556905122651485,-0.5057752062695084,-0.23864712277288114,-1.8003980961350015,0.08545629913274977,-1.2241856376223335,-0.26523905970646533
-0.5136995182208763,-0.46177254676057233,0.2687211350248019,-1.0395342261658467,-0.04637031641224312,-0.5789581926878202,0.7151316392931572,-0.5057752062695084,0.008184256410724094,0.08976392403478806,0.30377272019576435,-0.057349150024894935,-0.26523905970646533
-0.37749460047137584,-0.46177254676057233,-0.45850427642555136,-0.1590554794506528,-0.5923773590235467,0.9190426010211312,0.37868019548561255,-0.6249456918175231,-0.5533571312319778,1.204474859006716,0.39910582697052815,0.5696077686841766,-0.26523905970646533
-0.49041825388545796,-0.46177254676057233,-0.7965322928353106,-0.49904232224166845,-0.5179218532129147,-1.4503200405135719,0.07628453655167104,-0.5057752062695084,-0.7261390966605015,0.3320923881591202,0.3882861805522072,-0.4072417738499069,-0.26523905970646533
0.16919990039763758,-0.46177254676057233,1.3153675161100649,2.7439091013034007,-0.1881903274801144,0.4926314840000187,-1.07449438060813,-0.5057752062695084,0.03903817880867475,-1.8488637889598687,-3.2834209406518697,0.3669550272832645,3.770183777256185
-0.40894658933365247,-0.46177254676057233,1.673553166525911,0.5906590969603037,0.20181470295653084,1.059943665775934,-0.7558921102230847,-0.6249456918175231,0.2488448511147392,1.3014062446564485,0.29607874940940276,-0.2505025441726393,-0.26523905970646533
-0.5065928332647911,1.4757458678628719,-0.7763746588292241,-1.0744046715803097,0.4198629699733831,-1.8878549258048005,0.9766275051393464,-0.2674342351734791,-0.4175998726809949,-1.1703440894117378,0.27023181629896903,-0.6383925570103223,-0.26523905970646533
-0.4662437459989294,-0.46177254676057233,-0.7593181992856123,-0.45545426547358947,2.5312083847463147,-1.9397658443986752,-0.18225471774600613,-0.14826374962546437,-0.5533571312319778,-0.5402900826884757,0.1968986572414582,-1.3904242145527692,-0.26523905970646533
-0.47531360359481717,-0.46177254676057233,-0.07861040477238185,-0.5862184357778263,-0.8423351285306697,0.12554713108619173,0.35420602211181684,-0.6249456918175231,-0.7384806656196817,0.041298231209922674,0.3401988631374462,0.8482552881104304,-0.26523905970646533
-0.5076902467704407,-0.46177254676057233,0.2687211350248019,-1.0395342261658467,-0.2094633291402959,-0.8718840904675412,0.20944156036614572,-0.5057752062695084,0.008184256410724094,0.08976392403478806,0.31050494463383094,-0.3850766302591823,-0.26523905970646533
-0.5091213996248568,1.8176608822081857,-0.7267558674296264,-0.9523581126296887,0.3968172181748542,-1.3798695081361707,0.23670808909131388,-0.6249456918175231,-0.8804087086502548,-0.44335869703874153,0.430001928409512,-0.8727097892551267,-0.26523905970646533
6.868897573352742,-0.46177254676057233,1.0858806058869261,1.070127721409172,-0.09955282056269524,0.3480224964885113,-1.0102154554608462,1.7584640191427705,1.6619544969408793,0.8167493164077844,-4.115211313633698,0.28779380017353323,-0.26523905970646533
-0.517759359239988,0.6779441677238066,-1.2043367346507539,-0.9881003191795134,2.7687569032849995,-0.17850253496364513,0.5402535414052324,-0.5057752062695084,-1.1148985188746796,-1.7519324033101353,0.3147125849076228,-1.415755807227883,-0.26523905970646533
0.17580990267585273,-0.46177254676057233,1.0858806058869261,0.20708419740120923,0.3170434619491768,0.21082935449041412,-0.4442981042493275,1.7584640191427705,1.6619544969408793,0.8167493164077844,0.3875648707909858,0.26246220749841925,-0.26523905970646533
0.6280011990100511,-0.46177254676057233,1.0858806058869261,1.192174280359792,0.26031545752202834,0.9894931333985326,-1.1121090497530906,1.7584640191427705,1.6619544969408793,0.8167493164077844,0.430001928409512,1.0556577031379266,-0.26523905970646533
-0.5086443486733848,0.7919158391722446,-0.8120381651476848,-1.0918398942875414,1.2388735338903385,-2.3179739655826186,2.8464105492447422,-0.2674342351734791,-0.4114290882014048,0.2836266953342548,0.30004595309612037,-1.4521699716983596,-0.26523905970646533
-0.4152817474422952,-0.46177254676057233,1.673553166525911,0.5906590969603037,0.13622294783764055,1.07106743404605,-0.8745398366235646,-0.6249456918175231,0.2488448511147392,1.3014062446564485,0.40319324895078323,0.674100588469022,-0.26523905970646533
-0.28457371308424184,-0.46177254676057233,1.3153675161100649,0.42502448124160386,1.2140550319534607,1.0414040519924075,-1.002331157998147,-0.5057752062695084,0.03903817880867475,-1.8488637889598687,0.027631299941499623,-1.2843481702257293,-0.26523905970646533
0.5434061267883198,-0.46177254676057233,1.0858806058869261,1.3665265074321078,0.7035029921091257,1.07106743404605,-0.7406710359548182,1.7584640191427705,1.6619544969408793,0.8167493164077844,-0.07022639099753887,0.796008878218008,-0.26523905970646533
-0.502199252896913,-0.46177254676057233,-1.2725625728252006,-0.9697933353369204,-0.1686900759582819,0.010601525628326308,-0.11649748682446653,-0.8632866629135525,-0.7446514500992719,-0.24949592573927654,0.36905125358630253,-0.21567160424435744,-0.26523905970646533
1.3086017424673562,-0.46177254676057233,1.0858806058869261,1.070127721409172,0.21599670406331797,0.9746614423717112,-0.9525615302648586,1.7584640191427705,1.6619544969408793,0.8167493164077844,-3.6114966637140773,1.8013564625115945,-0.26523905970646533
-0.4580690951267916,0.7919158391722446,-0.8120381651476848,-1.0918398942875414,-0.2661913335674444,-1.2760476709484216,2.3803609658940794,-0.2674342351734791,-0.4114290882014048,0.2836266953342548,0.34921523515271385,-0.5608145544427856,-0.26523905970646533
0.26802601108529756,-0.46177254676057233,1.0858806058869261,-0.2113611475723475,-0.05168856682728849,0.7929732272931505,-0.3332609149829808,1.7584640191427705,1.6619544969408793,0.8167493164077844,0.4111276563242184,0.026561750711420085,-0.26523905970646533
1.4506196144033123,-0.46177254676057233,1.0858806058869261,0.24195464281567236,1.019052516735139,0.926458446534542,-0.8868590514090321,1.7584640191427705,1.6619544969408793,0.8167493164077844,-3.363726760734521,1.1063208884881546,-0.26523905970646533
-0.36277080567285674,0.6779441677238066,-1.1050991518515585,0.7911641580934669,1.8947910850792429,0.9338742920479527,-0.8920057455860717,-0.5057752062695084,-0.8187008638543535,-2.6727805669825973,0.3881659622586704,-0.22992062512410902,-0.26523905970646533
-0.4523032570836915,-0.46177254676057233,-0.18560092372776424,-0.10674981132895808,0.5475009799344672,0.6669038535651691,-0.057858024445641414,-0.6249456918175231,-0.5718694846707482,-0.05563315443981154,0.4154555148915471,-0.5418158599364502,-0.26523905970646533
1.4037370885921876,-0.46177254676057233,1.0858806058869261,1.0003868305802457,0.9499152613395506,1.0933149705862817,-1.2866586352467362,1.7584640191427705,1.6619544969408793,0.8167493164077844,0.430001928409512,1.351720692528321,-0.26523905970646533
-0.4981099642882043,-0.46177254676057233,-0.07861040477238185,-0.5862184357778263,-0.3441923396547728,-0.37873036382573266,0.2908578820816578,-0.6249456918175231,-0.7384806656196817,0.041298231209922674,0.24270182707901808,0.3099589437642581,3.770183777256185
-0.5179085603606131,4.097094311176944,-0.9531416031902907,-1.266192121359857,1.068689520608893,-1.5356022639177946,0.7713072587148887,-0.6249456918175231,-0.9359457689665659,0.3320923881591202,0.430001928409512,-1.483834462542252,-0.26523905970646533
-0.5139920309442069,-0.46177254676057233,-0.9159275096405924,-0.35956054058381587,-0.4842396005842951,-0.8867157814943625,0.604587218618229,-0.5057752062695084,-1.0655322430379586,0.8167493164077844,0.430001928409512,-0.46898753099549734,-0.26523905970646533
0.4315582919808495,-0.46177254676057233,1.0858806058869261,0.5034829834241459,0.40036271845155064,0.9005029872376046,-0.7679923167456993,1.7584640191427705,1.6619544969408793,0.8167493164077844,0.42170686615546576,0.9464152097264973,-0.26523905970646533
-0.5182933421980143,-0.46177254676057233,-0.9159275096405924,-0.35956054058381587,-0.3530560903465146,-1.187057524787494,0.604587218618229,-0.5057752062695084,-1.0655322430379586,0.8167493164077844,0.42086533810070753,-0.6637241496854362,-0.26523905970646533
-0.4178849143626734,-0.46177254676057233,1.673553166525911,0.5906590969603037,-0.18996307761846337,1.059943665775934,-1.1165439670758586,-0.6249456918175231,0.2488448511147392,1.3014062446564485,0.430001928409512,0.9115842697982157,-0.26523905970646533
-0.5193593449414271,3.8121651325558488,-1.2632590494377762,-1.1179927283483886,0.5971379838082215,-1.7617855520768195,0.9270221336031973,-0.7441161773655378,-0.892750277609435,-0.10409884726467693,0.4147342051303256,-1.327095232864984,-0.26523905970646533
-0.5063729579291332,0.25055039979216454,-0.5003701316689619,-0.2811020384012738,-0.6544236138657407,-1.1240228379235033,0.9542886623283654,-0.5057752062695084,-0.5286739933136173,-1.6065353248355365,0.3530622205458947,0.47619752069469384,-0.26523905970646533
3.3248212701700046,-0.46177254676057233,1.0858806058869261,1.0003868305802457,1.869972583142365,1.059943665775934,-1.3094902466491358,1.7584640191427705,1.6619544969408793,0.8167493164077844,0.430001928409512,0.11680554961651375,-0.26523905970646533
-0.49053408107120633,-0.46177254676057233,-0.07861040477238185,-0.5862184357778263,-0.5285583540430054,0.8448841458870247,0.0926006521342012,-0.6249456918175231,-0.7384806656196817,0.041298231209922674,0.3861222512685429,0.7231805492770551,3.770183777256185
-0.4652071908451137,-0.46177254676057233,-0.576348905999596,-0.5513479903633631,0.09544969465562816,-1.4985230363507414,0.9351254393287493,-0.5057752062695084,-0.6767728208237804,0.5259551594585868,0.430001928409512,-1.0373651416433678,-0.26523905970646533
-0.42800310614821563,-0.46177254676057233,-0.18560092372776424,-0.10674981132895808,0.668047989342157,0.4889235612433136,-0.21379190759680303,-0.6249456918175231,-0.5718694846707482,-0.05563315443981154,0.430001928409512,-1.2922642929367023,-0.26523905970646533
-0.5065280485676776,-0.46177254676057233,2.2565739654711834,0.215801808754825,-0.5267856039046565,0.8745475279406677,-0.8875708282633036,-0.8632866629135525,-1.2876804843032035,0.2836266953342548,0.20387131826659835,0.8276733690619004,-0.26523905970646533
-0.5205097641083514,4.239558900487491,-1.4059130747116195,-1.231321675945394,2.3964793742318378,-1.9879688402358442,1.4027628325850943,-0.8632866629135525,-0.30035496756878244,-1.8488637889598687,0.41172874779190305,-1.5186654024705337,-0.26523905970646533
0.9971129924004459,-0.46177254676057233,1.0858806058869261,1.3665265074321078,0.07594944313379566,0.5334186343237777,-0.5063869467680835,1.7584640191427705,1.6619544969408793,0.8167493164077844,-1.0689999737021256,0.5585251968888143,-0.26523905970646533
1.8795532044737697,-0.46177254676057233,1.0858806058869261,0.24195464281567236,-0.7466066210598578,-0.3564828272855007,-0.9364644229451811,1.7584640191427705,1.6619544969408793,0.8167493164077844,-4.045124048501685,0.4730310716103044,-0.26523905970646533
-0.45782173537417653,-0.46177254676057233,-0.576348905999596,-0.5513479903633631,0.27804295890551184,-1.0832356875997446,0.554708086753514,-0.5057752062695084,-0.6767728208237804,0.5259551594585868,0.430001928409512,-1.0421148152699515,-0.26523905970646533
-0.47500538549036814,-0.46177254676057233,-0.18560092372776424,-0.10674981132895808,-0.9806096393218446,0.31094326892145807,0.12977730475345628,-0.6249456918175231,-0.5718694846707482,-0.05563315443981154,0.4242314503197412,-0.1903400115692434,-0.26523905970646533
-0.47390797198471857,-0.46177254676057233,1.673553166525911,0.5906590969603037,-1.001882640982026,0.9894931333985326,-1.0510604964828851,-0.6249456918175231,0.2488448511147392,1.3014062446564485,0.37241736580533613,0.7105147529394984,-0.26523905970646533
2.5329952176320467,-0.46177254676057233,1.0858806058869261,0.20708419740120923,-0.5888318587468504,0.06251244422220109,-0.43778260842945815,1.7584640191427705,1.6619544969408793,0.8167493164077844,0.0914672138095949,0.8593378599057928,-0.26523905970646533
0.6185701176484398,-0.46177254676057233,1.0858806058869261,-0.2113611475723475,-0.028642815028759604,-0.17108668945023436,-0.15537145348083062,1.7584640191427705,1.6619544969408793,0.8167493164077844,0.430001928409512,-0.3106650767760349,-0.26523905970646533
0.1964212522211396,-0.46177254676057233,1.0858806058869261,0.23323703146205657,0.09544969465562816,-0.6457008023085162,0.1553465194415154,1.7584640191427705,1.6619544969408793,0.8167493164077844,0.33046118136095703,-0.33599666945114887,-0.26523905970646533
0.40818868487664,-0.46177254676057233,1.0858806058869261,1.3665265074321078,0.47304547412383524,0.6372404715115266,-0.6965408709899881,1.7584640191427705,1.6619544969408793,0.8167493164077844,-3.729310591380241,0.8593378599057928,-0.26523905970646533
-0.3752644363525602,0.6779441677238066,-1.1050991518515585,0.7911641580934669,-1.237658409382362,-0.24153722182763576,-0.9425419022393451,-0.5057752062695084,-0.8187008638543535,-2.6727805669825973,0.3759036963179059,-0.35657858849967916,-0.26523905970646533
0.7816920954622729,-0.46177254676057233,1.0858806058869261,1.3665265074321078,0.10431344534736992,0.5074631750268402,-0.5330512027704065,1.7584640191427705,1.6619544969408793,0.8167493164077844,0.430001928409512,0.20388289943721824,-0.26523905970646533
2.3062684094612504,-0.46177254676057233,1.0858806058869261,1.601902013979734,0.3595894652695382,0.8893792189674887,-0.9337268196595215,1.7584640191427705,1.6619544969408793,0.8167493164077844,-4.010982053137204,0.846672063568236,-0.26523905970646533
-0.5134364530871428,-0.46177254676057233,-1.33923782376841,-0.5949360471314421,1.2796467870723525,-0.40468582312267004,-0.48125574860572984,-0.7441161773655378,-1.2568265619052528,-0.346427311389009,0.430001928409512,-1.213103065826971,-0.26523905970646533
-0.059782593136291376,-0.46177254676057233,1.3153675161100649,2.7439091013034007,-2.36158199709524,0.9783693651284168,-1.2303735116935783,-0.5057752062695084,0.03903817880867475,-1.8488637889598687,0.36760863406385963,2.664213838007665,-0.26523905970646533
-0.4023679978176741,-0.46177254676057233,-0.7593181992856123,-0.42930143141274213,1.1005990230991638,0.31094326892145807,-0.23864934543059063,-0.14826374962546437,-0.5533571312319778,-0.5402900826884757,0.3517398193169886,-0.43890626469379956,3.770183777256185
-0.499395842367275,-0.46177254676057233,0.4377351432296814,-1.0395342261658467,0.7442762452911381,-1.416948735703224,1.233250437137062,-0.6249456918175231,-0.6644312518646002,-1.2188097822366049,0.430001928409512,-1.0183664471370324,-0.26523905970646533
-0.416795353547583,0.6779441677238066,-1.1050991518515585,0.7911641580934669,1.6802883183390884,0.8263445321034981,-0.9734220673015835,-0.5057752062695084,-0.8187008638543535,-2.6727805669825973,0.32168524593276293,-0.728636355915416,-0.26523905970646533
-0.49160204698725884,-0.46177254676057233,2.2565739654711834,0.215801808754825,-0.4824668504459477,0.707691003888928,-0.939037770033701,-0.8632866629135525,-1.2876804843032035,0.2836266953342548,0.28718259568767185,0.3337073118971775,-0.26523905970646533
-0.4580239421560762,-0.46177254676057233,1.673553166525911,0.5906590969603037,0.35427121485449287,1.0970228933429873,-0.8702691754979359,-0.6249456918175231,0.2488448511147392,1.3014062446564485,0.4076413258116487,-0.01618531192783472,-0.26523905970646533
-0.4827540278996688,0.7919158391722446,-0.8120381651476848,-1.0918398942875414,0.31881621208752425,-2.2401075876918064,2.019654356975592,-0.2674342351734791,-0.4114290882014048,0.2836266953342548,0.1916090523258345,-1.4426706244451917,-0.26523905970646533
0.328958963479489,-0.46177254676057233,1.0858806058869261,0.20708419740120923,-0.16159907540488913,0.5445424025938935,-0.3693425262879722,1.7584640191427705,1.6619544969408793,0.8167493164077844,0.430001928409512,0.5680245441419818,-0.26523905970646533
-0.455848746871175,-0.46177254676057233,-0.576348905999596,-0.5513479903633631,-0.3849655928367852,-0.7198592574426228,0.554708086753514,-0.5057752062695084,-0.6767728208237804,0.5259551594585868,0.430001928409512,-0.7919653376032009,-0.26523905970646533
-0.4556151293270385,-0.46177254676057233,1.673553166525911,0.5906590969603037,0.3471802143010985,1.0784832795594608,-1.017387976069274,-0.6249456918175231,0.2488448511147392,1.3014062446564485,0.3961003696321056,0.29887637196889566,-0.26523905970646533
0.8538720639098931,-0.46177254676057233,1.0858806058869261,1.4101145642001867,-0.4470118476789791,0.9635376741015953,-1.003809463772403,1.7584640191427705,1.6619544969408793,0.8167493164077844,-0.4947171854763417,0.47461429615249895,-0.26523905970646533
-0.49514361042946264,-0.46177254676057233,-0.16854446418415264,-0.08059697726811073,-0.42042059560375383,0.4926314840000187,-0.525933434227692,-0.38660472072149377,0.21799092871678855,-0.346427311389009,0.4012697562541925,-0.3803269566325983,-0.26523905970646533
0.22845434018479774,-0.46177254676057233,1.0858806058869261,1.8634303545882074,-0.012688063783623494,0.8078049183199715,-0.7733580191855918,1.7584640191427705,1.6619544969408793,0.8167493164077844,-0.12600767919866215,0.23554739028111063,-0.26523905970646533
0.020927360431270792,-0.46177254676057233,1.3153675161100649,2.7439091013034007,-2.4023552502772536,1.0562357430192284,-1.293283635198032,-0.5057752062695084,0.03903817880867475,-1.8488637889598687,0.430001928409512,2.626216448994994,-0.26523905970646533
-0.5218368688128578,4.097094311176944,-1.4090142491740942,-1.056969448873078,0.668047989342157,-1.4688596542970986,2.5383206754766285,-0.6249456918175231,-0.7199683121809114,-0.7341528539879407,0.35835182546151834,-1.0626967343184817,-0.26523905970646533
-0.4749445271385343,-0.46177254676057233,-0.649226505867755,-0.943640501276073,-1.523071181656452,0.9635376741015953,1.1837545697323395,-0.7441161773655378,-1.0099951827216476,-0.2979616185641436,0.430001928409512,2.8668665794085775,-0.26523905970646533
0.3433863192093978,-0.46177254676057233,1.0858806058869261,0.24195464281567236,-0.45233009809402447,0.9338742920479527,-0.6393249623197059,1.7584640191427705,1.6619544969408793,0.8167493164077844,-0.35875029548610493,1.3643864888658783,-0.26523905970646533
-0.5061098927953996,-0.46177254676057233,0.2687211350248019,-1.0395342261658467,0.04935819105856881,-0.9015474725211837,0.43507482317019686,-0.5057752062695084,0.008184256410724094,0.08976392403478806,0.26566352114456676,-0.5956454943710675,-0.26523905970646533
-0.5008250320490513,-0.46177254676057233,-1.2725625728252006,-0.9697933353369204,0.6503204879586736,-0.4269333596629021,-0.11649748682446653,-0.8632866629135525,-0.7446514500992719,-0.24949592573927654,-0.03788767003611212,-0.9582039145336364,-0.26523905970646533
-0.5059292809125379,1.8176608822081857,-0.7267558674296264,-0.9523581126296887,1.056280269640455,-0.983121773168701,0.30624321254706344,-0.6249456918175231,-0.8804087086502548,-0.44335869703874153,0.430001928409512,-1.5392473215190638,-0.26523905970646533
-0.45101148948670156,-0.46177254676057233,-0.07861040477238185,-0.5862184357778263,-1.51420743096471,0.7151068494023383,-0.023528479243472088,-0.6249456918175231,-0.7384806656196817,0.041298231209922674,0.4100456916823866,1.7855242170896486,3.770183777256185
-0.5082006716567894,-0.46177254676057233,-1.0926944540016592,-0.4031485973518948,-0.7076061180161928,-0.02276977918202131,-0.5508456241271927,-0.5057752062695084,-0.6212357605074692,-0.9280156252874057,0.38588181468146926,-0.48481977641744356,-0.26523905970646533
-0.40115083078099645,-0.46177254676057233,-0.45850427642555136,-0.1590554794506528,-0.548058605564838,-0.27861644939468905,0.5472618058165202,-0.6249456918175231,-0.5533571312319778,1.204474859006716,0.430001928409512,-0.7033047632403019,-0.26523905970646533
-0.5056544367429655,-0.46177254676057233,-0.7965322928353106,-0.49904232224166845,-0.7395156205064635,-0.2934481404215103,-0.18072165990603703,-0.5057752062695084,-0.7261390966605015,0.3320923881591202,0.19749974870914283,-0.204589032448995,-0.26523905970646533
-0.3279853496681955,-0.46177254676057233,-0.45850427642555136,-0.1590554794506528,0.7371852447377453,0.6669038535651691,0.2907483779502312,-0.6249456918175231,-0.5533571312319778,1.204474859006716,0.229598033083496,-0.11434523354390135,-0.26523905970646533
-0.5129122859923155,-0.46177254676057233,-1.33923782376841,-0.5949360471314421,-0.186417577341767,-0.019061856425316194,-0.23448818843638827,-0.7441161773655378,-1.2568265619052528,-0.346427311389009,0.3123082190368849,0.07089203789286977,-0.26523905970646533
-0.10286245354411841,-0.46177254676057233,1.3153675161100649,2.7439091013034007,-0.9735186387684518,1.0821912023161657,-1.1414561569753598,-0.5057752062695084,0.03903817880867475,-1.8488637889598687,-1.1923439428709874,0.48886331703225056,-0.26523905970646533
2.2700282425304956,-0.46177254676057233,1.0858806058869261,1.192174280359792,0.15040494894442769,1.1378100436667458,-1.1683394212405354,1.7584640191427705,1.6619544969408793,0.8167493164077844,0.430001928409512,1.2060640346464158,-0.26523905970646533
-0.4774652408080408,-0.46177254676057233,-0.576348905999596,-0.5513479903633631,-0.3105100870261532,-0.9497504683583529,0.9351254393287493,-0.5057752062695084,-0.6767728208237804,0.5259551594585868,0.430001928409512,0.013895954373863074,-0.26523905970646533
-0.49251099591948744,0.7919158391722446,-0.8120381651476848,-1.0918398942875414,0.3099524613957825,-0.7495226394962653,2.2549787354108775,-0.2674342351734791,-0.4114290882014048,0.2836266953342548,0.16323753505112534,-0.5038184709237792,-0.26523905970646533
-0.4987479953961401,-0.46177254676057233,-0.39337961271357946,-0.31597248381573695,-0.7217881191229799,1.01544859269547,-0.8766204151206658,-0.5057752062695084,-0.07820672630353774,1.156009166181849,0.3957397147514952,0.596522585901485,-0.26523905970646533
-0.5045079439213208,0.9628733463449013,-0.925231033028017,-0.900052444507994,-0.587059108608503,-0.8199731718736665,1.7652215076064042,-0.14826374962546437,-0.6952851742625509,0.5744208522834522,0.430001928409512,-0.5513152071896178,-0.26523905970646533
-0.48122471641326264,0.6779441677238066,-0.6414735697115679,-0.8041587196182204,2.540072135438056,-0.6494087250652216,0.360557261734547,-0.7441161773655378,-1.0717030275175488,0.041298231209922674,0.3563081144713908,-0.9692864863289988,3.770183777256185
0.30414446131238476,-0.46177254676057233,1.0858806058869261,1.8634303545882074,-0.8068801257637027,0.7299385404291598,-0.9873290919927333,1.7584640191427705,1.6619544969408793,0.8167493164077844,-0.09727550704334194,0.3067924946798689,3.770183777256185
2.9827580694108096,-0.46177254676057233,1.0858806058869261,1.0003868305802457,-0.06232506765737923,1.1378100436667458,-1.2712733047813303,1.7584640191427705,1.6619544969408793,0.8167493164077844,0.3920129476518512,1.4372148178068311,-0.26523905970646533
-0.5180204612010817,4.239558900487491,-1.4059130747116195,-1.231321675945394,-0.17046282609663088,-1.1462703744637353,1.4027628325850943,-0.8632866629135525,-0.30035496756878244,-1.8488637889598687,0.39237360253246156,-0.8347124002424559,-0.26523905970646533
-0.4911308855537063,-0.46177254676057233,-0.649226505867755,-0.943640501276073,-1.021382892503857,-1.3168348212721803,0.7623826720036387,-0.7441161773655378,-1.0099951827216476,-0.2979616185641436,0.430001928409512,-0.3945759775123499,-0.26523905970646533
1.0755437025331973,-0.46177254676057233,1.0858806058869261,1.2531975598351024,-1.5390259329015878,1.0970228933429873,-1.0840212400422247,1.7584640191427705,1.6619544969408793,0.8167493164077844,0.430001928409512,1.2899749353827312,-0.26523905970646533
-0.4597103074536666,-0.46177254676057233,-0.7593181992856123,-0.42930143141274213,3.525721212359761,0.04026490768196934,-0.030700999851899873,-0.14826374962546437,-0.5533571312319778,-0.5402900826884757,0.21421009151077214,-1.385674540926185,-0.26523905970646533
-0.43144062144050993,-0.46177254676057233,-0.18560092372776424,-0.10674981132895808,-0.25732758287570107,-0.3898541320958488,0.16093123014426075,-0.6249456918175231,-0.5718694846707482,-0.05563315443981154,0.42194730274254005,0.004396607120695527,-0.26523905970646533
-0.5093020115077186,4.097094311176944,-0.9531416031902907,-1.266192121359857,1.5774688103148806,-1.543018109431205,0.7713072587148887,-0.6249456918175231,-0.9359457689665659,0.3320923881591202,0.430001928409512,-1.4474202980717754,-0.26523905970646533
1.8404860689416993,-0.46177254676057233,1.0858806058869261,0.5034829834241459,-1.0816563972077036,0.678027621835285,-0.9618693814361007,1.7584640191427705,1.6619544969408793,0.8167493164077844,-0.8364977940017557,0.22129836940135902,-0.26523905970646533
-0.5189235206153908,-0.46177254676057233,-1.382654266243058,-0.8564643877399152,0.3046342109807371,-0.3935620548525539,1.2889880400330882,-0.7441161773655378,-1.077873811997139,0.08976392403478806,0.39658124280625345,-1.1861882486096624,-0.26523905970646533
-0.5085579690772335,-0.46177254676057233,0.4377351432296814,-1.0395342261658467,-0.23250908093882477,-1.8878549258048005,0.9826502323677972,-0.6249456918175231,-0.6644312518646002,-1.2188097822366049,0.430001928409512,-0.6526415778900738,-0.26523905970646533
0.3917883406437295,-0.46177254676057233,1.0858806058869261,1.3665265074321078,-0.5001943518294312,0.6891513901054014,-0.6172598798372908,1.7584640191427705,1.6619544969408793,0.8167493164077844,-4.215473370443475,0.9986616196189202,-0.26523905970646533
-0.5035950686438126,-0.46177254676057233,-0.39337961271357946,-0.31597248381573695,-0.1119620715311334,-0.5530027333908831,-0.5092888062508826,-0.5057752062695084,-0.07820672630353774,1.156009166181849,0.3890074903134286,0.04714366975995033,-0.26523905970646533
-0.4523542995723265,0.7919158391722446,-0.8120381651476848,-1.0918398942875414,3.5469942140199424,-2.258647201475333,2.8464105492447422,-0.2674342351734791,-0.4114290882014048,0.2836266953342548,0.430001928409512,-1.4505867471561646,-0.26523905970646533
1.6661956019800293,-0.46177254676057233,1.0858806058869261,1.601902013979734,0.6574114885120663,0.9375822148046579,-0.8668745474237183,1.7584640191427705,1.6619544969408793,0.8167493164077844,-3.0208641875672746,1.67311527459383,-0.26523905970646533
-0.5025428081088784,1.247802524965996,-0.9562427776527657,-1.1179927283483886,1.1325085255894358,-0.5567106561475885,1.4389539480215123,-0.38660472072149377,-0.5965526225891087,-0.9280156252874057,0.36207859256116237,-0.20933870607557878,-0.26523905970646533
-0.5093236064067564,2.1025900608292805,-1.1872802751071423,-1.0395342261658467,0.9286422596793708,-1.0461564600326914,0.044145073978029276,-0.5057752062695084,0.008184256410724094,-1.6065353248355365,0.3935757854678309,-0.9534542409070527,-0.26523905970646533
-0.49965105481044936,-0.46177254676057233,-0.39337961271357946,-0.31597248381573695,0.38263521706806713,1.030280283722291,-0.6981286808956705,-0.5057752062695084,-0.07820672630353774,1.156009166181849,0.4100456916823866,-0.06843172182025735,-0.26523905970646533
-0.5115832181151692,-0.46177254676057233,-1.2182920197318907,-0.8390291650326835,0.13267744756094418,-1.9323499988852644,0.8249095310481005,-0.6249456918175231,0.20564935975760829,-0.7826185468128078,0.16924844972797046,-0.8489614211222074,-0.26523905970646533
-0.5045825444816333,1.247802524965996,-0.9562427776527657,-1.1179927283483886,0.17699620101965297,-0.6086215747414631,1.8218898956195542,-0.38660472072149377,-0.5965526225891087,-0.9280156252874057,0.1396747495178927,-0.2346702987506928,-0.26523905970646533
-0.49962357039349214,0.25055039979216454,-0.7794758332916989,-1.2836273440670887,-0.661514614419135,-1.3464982033258228,1.527597542411165,-0.6249456918175231,-0.31886732100755283,0.18669530968452056,0.430001928409512,-0.6193938625039869,-0.26523905970646533
-0.5162693112063779,0.7349300034480256,-0.8461510842349083,-1.022099003458615,-0.25378208259900464,-0.234121376314225,1.7009973345248337,-0.6249456918175231,-0.9482873379257462,-0.8310842396376732,0.3947779684032002,-0.5180674918035308,-0.26523905970646533
-0.2986810716738629,-0.46177254676057233,-0.45850427642555136,-0.1590554794506528,-0.9877006398752389,0.9524139058314793,0.043378545058044476,-0.6249456918175231,-0.5533571312319778,1.204474859006716,-0.028390424846697255,0.8941687998340749,-0.26523905970646533
-0.5139566938366905,1.4187600321386529,-1.382654266243058,-0.7344178287892946,1.733470822489539,-1.0461564600326914,0.17193639535261182,-0.2674342351734791,-1.077873811997139,-0.05563315443981154,0.39129163789062976,-0.913873627352187,-0.26523905970646533
-0.44976291168778704,-0.46177254676057233,-0.7593181992856123,-0.45545426547358947,3.1587619337216433,0.6372404715115266,-0.2695295104928291,-0.14826374962546437,-0.5533571312319778,-0.5402900826884757,0.31555411296238106,-1.5154989533861443,-0.26523905970646533
1.0944588709176948,-0.46177254676057233,1.0858806058869261,1.3665265074321078,2.0117925942102364,1.1118545843698082,-0.6872877718844591,1.7584640191427705,1.6619544969408793,0.8167493164077844,0.17718285710140633,0.6392696485407398,-0.26523905970646533
-0.3730323090611046,-0.46177254676057233,-0.45850427642555136,-0.1590554794506528,0.4198629699733831,0.9301663692912476,0.4088485836935793,-0.6249456918175231,-0.5533571312319778,1.204474859006716,0.3222863374004476,0.015479178916057946,-0.26523905970646533
0.514333503165484,-0.46177254676057233,1.0858806058869261,1.2531975598351024,-0.3672380914533017,0.4889235612433136,-0.8432764071013338,1.7584640191427705,1.6619544969408793,0.8167493164077844,0.20735764877916876,0.9590810060640546,-0.26523905970646533
-0.419926613908068,0.6779441677238066,-1.1050991518515585,0.7911641580934669,2.2369318617804814,0.7447702314559813,-0.8586069855010267,-0.5057752062695084,-0.8187008638543535,-2.6727805669825973,0.3274557240225345,-0.8616272174597644,-0.26523905970646533
-0.4970969672060663,-0.46177254676057233,0.4377351432296814,-1.0395342261658467,-0.8299258775622316,-0.41951751414949134,1.430138865441689,-0.6249456918175231,-0.6644312518646002,-1.2188097822366049,0.430001928409512,0.4967794397432238,-0.26523905970646533
-0.48711816067794983,-0.46177254676057233,-0.576348905999596,-0.5513479903633631,0.3064069611190861,-2.0250480678028975,0.9351254393287493,-0.5057752062695084,-0.6767728208237804,0.5259551594585868,0.39129163789062976,-1.2067701676581926,-0.26523905970646533
-0.5141333793742726,-0.46177254676057233,-1.0926944540016592,-0.4031485973518948,0.10076794507067353,0.15150259038312913,-0.21379190759680303,-0.5057752062695084,-0.6212357605074692,-0.9280156252874057,0.41437355024971523,-1.015199998052643,-0.26523905970646533
0.5708768015370769,-0.46177254676057233,1.0858806058869261,1.3665265074321078,0.31527071181082783,0.6891513901054014,-0.7622433498458147,1.7584640191427705,1.6619544969408793,0.8167493164077844,-3.1369950591239224,0.5569419723466194,-0.26523905970646533
0.011941919258894531,-0.46177254676057233,1.3153675161100649,2.7439091013034007,-1.1720666542634701,0.9487059830747743,-1.1948394210457187,-0.5057752062695084,0.03903817880867475,-1.8488637889598687,-0.11158148397423331,1.3849684079144082,-0.26523905970646533
-0.5074566292263042,-0.46177254676057233,-0.04449748568515836,-1.2487568986526254,0.2815884591822082,-2.325389811096029,0.8647142828215888,-0.6249456918175231,-0.5656987001911581,0.3320923881591202,0.2716744358214119,-0.9471213427382742,-0.26523905970646533
-0.10171007120455426,-0.46177254676057233,1.3153675161100649,2.7439091013034007,-1.1171113999746705,1.1378100436667458,-1.1998218590256189,-0.5057752062695084,0.03903817880867475,-1.8488637889598687,-2.3065270873709998,0.6250206276609882,-0.26523905970646533
-0.47574353840293393,-0.46177254676057233,1.673553166525911,0.5906590969603037,-0.7111516182928892,1.07106743404605,-1.116598719141572,-0.6249456918175231,0.2488448511147392,1.3014062446564485,0.3715758377505779,1.3643864888658783,-0.26523905970646533
-0.491401803377999,0.25055039979216454,-0.5003701316689619,-0.2811020384012738,-0.45055734795567703,0.6149929349712949,1.5791192362472755,-0.5057752062695084,-0.5286739933136173,-1.6065353248355365,0.3074994872954084,0.6962657320597467,-0.26523905970646533
1.2787870395866752,-0.46177254676057233,1.0858806058869261,1.2531975598351024,-1.2802044127027232,1.1378100436667458,-1.1648900411006045,1.7584640191427705,1.6619544969408793,0.8167493164077844,0.430001928409512,1.725361684486253,-0.26523905970646533
-0.506793076874051,-0.46177254676057233,-0.04449748568515836,-1.2487568986526254,-0.3424195895164238,-2.280894738015565,0.8647142828215888,-0.6249456918175231,-0.5656987001911581,0.3320923881591202,0.35799117058090796,-1.1371082878016292,-0.26523905970646533
-0.518813582947562,-0.46177254676057233,-0.9159275096405924,-0.35956054058381587,-0.6437871130356515,-0.360190750042206,1.0441368021637083,-0.5057752062695084,-1.0655322430379586,0.8167493164077844,0.4048763050602997,-0.3391631185355381,-0.26523905970646533
-0.4016161026966297,-0.46177254676057233,-0.45850427642555136,-0.1590554794506528,-0.7519248714749032,-0.4751363555000712,0.43288474054166903,-0.6249456918175231,-0.5533571312319778,1.204474859006716,0.41461398683678885,-0.6700570478542146,-0.26523905970646533
-0.07052507382129092,-0.46177254676057233,1.3153675161100649,0.42502448124160386,-0.6703783651108768,1.0376961292357019,-0.7223290939409,-0.5057752062695084,0.03903817880867475,-1.8488637889598687,-0.15630268916996137,-0.10642911083292839,-0.26523905970646533
-0.5006974258274641,-0.46177254676057233,-0.649226505867755,-0.943640501276073,-0.335328588963031,-1.08694361035645,1.1021192397539752,-0.7441161773655378,-1.0099951827216476,-0.2979616185641436,0.33971798996329833,-0.49906879729719517,-0.26523905970646533
0.21631015423497915,-0.46177254676057233,1.0858806058869261,0.8609050489223932,-0.5427403551497926,0.5704978618908308,-0.4579861206776246,1.7584640191427705,1.6619544969408793,0.8167493164077844,-4.076861677995427,0.7041818547707195,-0.26523905970646533
0.5876226641545924,-0.46177254676057233,1.0858806058869261,1.601902013979734,-0.06941606821077201,1.1378100436667458,-0.9325222742138315,1.7584640191427705,1.6619544969408793,0.8167493164077844,0.4154555148915471,0.6155212804078206,-0.26523905970646533
-0.49973939757924046,1.247802524965996,-0.9562427776527657,-1.1179927283483886,0.23904245586184686,-2.280894738015565,1.8218898956195542,-0.38660472072149377,-0.5965526225891087,-0.9280156252874057,0.16323753505112534,-1.1893546976940517,-0.26523905970646533
-0.4623016953382059,-0.46177254676057233,-0.18560092372776424,-0.10674981132895808,-0.6101048604070318,0.514879020540251,0.1591244119757256,-0.6249456918175231,-0.5718694846707482,-0.05563315443981154,0.3554665864166326,0.8910023507496851,-0.26523905970646533
1.3842408211063086,-0.46177254676057233,1.0858806058869261,1.601902013979734,0.2620882076603757,1.0339882064789967,-0.8995067785887786,1.7584640191427705,1.6619544969408793,0.8167493164077844,0.2984831152801407,1.0794060712708458,-0.26523905970646533
1.1864649198546808,-0.46177254676057233,1.0858806058869261,1.192174280359792,0.3773169666530217,1.0933149705862817,-1.0853352896193413,1.7584640191427705,1.6619544969408793,0.8167493164077844,0.3708545279893565,0.699432181144136,-0.26523905970646533
-0.5069874309653915,0.6779441677238066,-0.6414735697115679,-0.8041587196182204,-0.5994683595769411,-0.2897402176648049,0.11472048668232944,-0.7441161773655378,-1.0717030275175488,0.041298231209922674,0.36316055720299417,0.15005326500260102,3.770183777256185
-0.43685112523580577,-0.46177254676057233,-0.7593181992856123,-0.42930143141274213,0.8293682519318608,-0.1043440798295386,-0.030700999851899873,-0.14826374962546437,-0.5533571312319778,-0.5402900826884757,-0.01119920887092011,-0.736552478626389,3.770183777256185
-0.5066203176817483,1.247802524965996,-0.9562427776527657,-1.1179927283483886,0.6166382353300539,-1.0053693097089327,1.35890642794883,-0.38660472072149377,-0.5965526225891087,-0.9280156252874057,0.2722755272890959,-0.8442117474956234,-0.26523905970646533
-0.5179792345756459,1.5327317035870909,-0.7810264205229364,-1.0316883759475923,-0.4026930942202703,-1.7061667107262397,1.605728740183885,-0.9824571484615672,-0.5718694846707482,-0.7826185468128078,0.013445541304145043,-0.7713834185546707,-0.26523905970646533
1.0142102629204863,-0.46177254676057233,1.0858806058869261,0.8609050489223932,-0.08714356959425709,-0.14513123015329696,-0.4076689722872043,1.7584640191427705,1.6619544969408793,0.8167493164077844,0.430001928409512,0.08197460968823218,-0.26523905970646533
-0.5157726285285078,2.5299838287609226,-0.8957698756345058,-1.3184977894815513,0.10076794507067353,-0.8792999359809517,1.9761264647336068,-0.38660472072149377,-0.6397481139462396,-0.9280156252874057,0.430001928409512,-0.8077975830251471,-0.26523905970646533
-0.4679301112965198,-0.46177254676057233,-0.21816325558375035,0.2506722541692881,-1.5390259329015878,0.1329629765996025,-0.49790037658253933,-0.38660472072149377,-0.03501123494640682,0.3320923881591202,0.430001928409512,1.3358884471063752,-0.26523905970646533
0.0962857053827313,-0.46177254676057233,1.0858806058869261,0.8609050489223932,-0.8848811318510311,-0.7828939443066132,-0.3512195925369067,1.7584640191427705,1.6619544969408793,0.8167493164077844,-0.32136240619612877,0.22604804302794307,-0.26523905970646533
-0.512708116037776,-0.46177254676057233,-0.9159275096405924,-0.35956054058381587,-0.5143763529362183,-0.4009779003659647,0.604587218618229,-0.5057752062695084,-1.0655322430379586,0.8167493164077844,0.430001928409512,-0.5402326353942557,-0.26523905970646533
-0.510053906628763,1.4187600321386529,-1.382654266243058,-0.7344178287892946,2.059656847945643,0.09588374903254923,-0.33331566704869386,-0.2674342351734791,-1.077873811997139,-0.05563315443981154,0.430001928409512,-0.9867019562931398,-0.26523905970646533
-0.44382627762502413,-0.46177254676057233,-0.7593181992856123,-0.45545426547358947,1.6040600623901076,0.3925175695689753,-0.2695295104928291,-0.14826374962546437,-0.5533571312319778,-0.5402900826884757,0.13162012385092003,-1.0041174262572805,-0.26523905970646533
-0.510998192668508,-0.46177254676057233,-1.0926944540016592,-0.4031485973518948,-0.4221933457421028,-0.8199731718736665,-0.08381050359369294,-0.5057752062695084,-0.6212357605074692,-0.9280156252874057,0.38588181468146926,-0.41040822293429635,-0.26523905970646533
-0.47977393183244854,-0.46177254676057233,-0.649226505867755,-0.943640501276073,-0.4044658443586177,0.6001612439444733,1.0848723390543207,-0.7441161773655378,-1.0099951827216476,-0.2979616185641436,0.37999111829816096,0.9654139042328329,-0.26523905970646533
-0.48432652918415064,0.7919158391722446,-0.8120381651476848,-1.0918398942875414,-1.1791576548168643,0.26644819584099405,2.3252803877866115,-0.2674342351734791,-0.4114290882014048,0.2836266953342548,0.13654907388593335,-0.032017557349780915,-0.26523905970646533
-0.4859088463318315,-0.46177254676057233,-0.07861040477238185,-0.5862184357778263,-0.13500782332966227,-0.9979534641955222,0.12999631301630898,-0.6249456918175231,-0.7384806656196817,0.041298231209922674,0.3906905464229451,-0.5117345936347522,-0.26523905970646533
-0.5211124581087707,4.382023489798039,-1.0771885816892848,-1.109275116994773,0.4570907228786991,-1.543018109431205,2.643061377185959,-0.6249456918175231,-0.28184261413001205,-0.2979616185641436,0.3762643511985169,-1.0041174262572805,-0.26523905970646533
-0.5142374275241822,-0.46177254676057233,0.4377351432296814,-1.0395342261658467,0.5155914774441966,-0.6790721071188641,1.233250437137062,-0.6249456918175231,-0.6644312518646002,-1.2188097822366049,0.38131351952706705,-0.8410452984112343,-0.26523905970646533
-0.4911465909348247,-0.46177254676057233,-0.16854446418415264,-0.08059697726811073,-0.585286358470154,0.7002751583755173,-0.6815935570502876,-0.38660472072149377,0.21799092871678855,-0.346427311389009,-0.19501297968884362,0.48411364340566676,-0.26523905970646533
-0.491073953547152,0.9628733463449013,-0.925231033028017,-0.900052444507994,-0.5179218532129147,0.8930871417241943,1.703077913021935,-0.14826374962546437,-0.6952851742625509,0.5744208522834522,0.20375109997306154,0.27512800383597624,-0.26523905970646533
-0.5194260928111804,-0.46177254676057233,-0.6244171101679561,-0.760570662850142,1.6430605654337709,-0.30457190869162615,0.6893981684079585,-0.8632866629135525,-0.9544581224053363,-0.346427311389009,0.38107308293999276,-1.3730087445886283,-0.26523905970646533
0.5926051963144113,-0.46177254676057233,1.0858806058869261,0.23323703146205657,-0.25555483273735363,0.3888096468122697,-0.08873818950787986,1.7584640191427705,1.6619544969408793,0.8167493164077844,0.37926980853693953,0.36062212911448616,-0.26523905970646533
-0.5150050280263451,0.7349300034480256,-0.8461510842349083,-1.022099003458615,-0.46119384878576625,-1.7766172431036407,1.7009973345248337,-0.6249456918175231,-0.9482873379257462,-0.8310842396376732,0.430001928409512,-0.6763899460229933,-0.26523905970646533
-0.5155880903003663,-0.46177254676057233,-1.1919320368008546,-0.5862184357778263,0.2815884591822082,-0.11917577085636011,-0.3370935595829041,-0.8632866629135525,-0.7816761569768127,-0.346427311389009,0.37325889386009437,-0.6162274134195974,-0.26523905970646533
-0.433896550412903,-0.46177254676057233,-0.7593181992856123,-0.45545426547358947,2.045474846838856,0.2812798868678155,-0.019969594972114847,-0.14826374962546437,-0.5533571312319778,-0.5402900826884757,0.18042875102690248,-1.179855350440884,-0.26523905970646533
-0.5121859121155886,-0.46177254676057233,-0.7965322928353106,-0.49904232224166845,-0.5764226077784123,-0.04130939296554794,-0.19035802347155814,-0.5057752062695084,-0.7261390966605015,0.3320923881591202,0.430001928409512,-0.4784868782486652,-0.26523905970646533
-0.5161122573951937,3.527235953934754,-1.3733507428556335,-1.3620858462496301,1.086417021992378,-0.8125573263602559,2.2556905122651485,-0.5057752062695084,-0.23864712277288114,-1.8003980961350015,0.35739007911322335,-1.0500309379809247,-0.26523905970646533
2.454762787935915,-0.46177254676057233,1.0858806058869261,1.601902013979734,-0.1881903274801144,1.1378100436667458,-0.9821276457499806,1.7584640191427705,1.6619544969408793,0.8167493164077844,-4.229418692493756,2.1765806790117206,-0.26523905970646533
-0.5023406013269788,-0.46177254676057233,-0.39337961271357946,-0.31597248381573695,0.9268695095410218,0.07363621249231696,-0.46641793879745574,-0.5057752062695084,-0.07820672630353774,1.156009166181849,0.414133113662641,-0.7967150112297847,-0.26523905970646533
0.9813663846565897,-0.46177254676057233,1.0858806058869261,1.192174280359792,-0.9061541335112125,1.0970228933429873,-1.1358714462726145,1.7584640191427705,1.6619544969408793,0.8167493164077844,0.3843189768654896,1.142735052958631,-0.26523905970646533
-0.4954694970876699,0.9628733463449013,-0.925231033028017,-0.900052444507994,-0.9167906343413033,-0.11546784809965446,1.9258640684088995,-0.14826374962546437,-0.6952851742625509,0.5744208522834522,0.4084828538664069,0.07089203789286977,-0.26523905970646533
2.2336113900621593,-0.46177254676057233,1.0858806058869261,0.3552835904126776,0.7070484923858221,1.1378100436667458,-1.1938538838628814,1.7584640191427705,1.6619544969408793,0.8167493164077844,-3.9200970232233057,1.348554243443932,-0.26523905970646533
-0.5178398493182199,1.4757458678628719,-0.7763746588292241,-1.0744046715803097,0.5882742331164796,-1.0721119193296287,0.9766275051393464,-0.2674342351734791,-0.4175998726809949,-1.1703440894117378,0.4161768246527685,-0.5069849200081684,-0.26523905970646533
-0.513703444566156,1.8176608822081857,-0.7267558674296264,-0.9523581126296887,0.8860962563590093,-1.3502061260825282,0.2023785438891448,-0.6249456918175231,-0.8804087086502548,-0.44335869703874153,0.430001928409512,-1.4521699716983596,3.770183777256185
-0.39954102921635837,-0.46177254676057233,-0.45850427642555136,-0.1590554794506528,-0.2874643352276243,0.5630820163774202,0.4127907324249289,-0.6249456918175231,-0.5533571312319778,1.204474859006716,0.2270734489192206,-0.38665985480137693,-0.26523905970646533
0.36687371667199553,-0.46177254676057233,1.0858806058869261,1.8634303545882074,0.2479062065535886,0.6928593128621066,-0.6514251688423204,1.7584640191427705,1.6619544969408793,0.8167493164077844,0.1614342606480721,-0.7777163167234492,-0.26523905970646533
-0.5087110965431381,-0.46177254676057233,-1.2725625728252006,-0.9697933353369204,2.7687569032849995,-1.2018892158143153,-0.11649748682446653,-0.8632866629135525,-0.7446514500992719,-0.24949592573927654,0.3894883634875758,-1.445837073529581,-0.26523905970646533
-0.007393368070520715,-0.46177254676057233,-0.18560092372776424,-0.10674981132895808,-2.278262740592866,-1.1685179110039674,-0.6507681440537623,-0.6249456918175231,-0.5718694846707482,-0.05563315443981154,-0.12841204506940007,-0.009852413759056076,-0.26523905970646533
-0.5112612578022415,-0.46177254676057233,-1.33923782376841,-0.5949360471314421,-0.20237232858690152,-0.2637847583678675,-0.607787772468909,-0.7441161773655378,-1.2568265619052528,-0.346427311389009,0.430001928409512,-0.5149010427191416,-0.26523905970646533
2.7756629876380394,-0.46177254676057233,1.0858806058869261,1.2531975598351024,-1.739346698534955,1.0673595112893444,-1.2493724784960547,1.7584640191427705,1.6619544969408793,0.8167493164077844,0.430001928409512,2.8668665794085775,-0.26523905970646533
-0.4898724918915928,-0.46177254676057233,-0.21816325558375035,0.2506722541692881,-1.2217036581372258,0.15521051313983425,-0.7161968625810227,-0.38660472072149377,-0.03501123494640682,0.3320923881591202,0.4164172612398421,0.3796208236208215,-0.26523905970646533
-0.05767807206642304,-0.46177254676057233,1.3153675161100649,2.7439091013034007,-0.2271908305237794,1.1378100436667458,-1.2532051230959778,-0.5057752062695084,0.03903817880867475,-1.8488637889598687,-2.2627676285235676,2.3903159922079955,-0.26523905970646533
-0.5187978775664436,2.67244841807147,-1.1345603092450698,-0.6298064925459051,1.0917352724074219,-1.5281864184043839,1.509748368988665,-0.5057752062695084,-0.16459770901779958,-0.44335869703874153,0.32264699228105864,-1.2811817211413399,-0.26523905970646533
-0.05782923635968786,-0.46177254676057233,1.0858806058869261,0.23323703146205657,-0.6863331163560112,-1.0164930779790489,0.008775239527309357,1.7584640191427705,1.6619544969408793,0.8167493164077844,0.11539065422343861,0.10097330419456756,-0.26523905970646533
0.20099151812659996,-0.46177254676057233,1.0858806058869261,1.4101145642001867,-2.2959902419763494,0.8189286865900879,-1.070771240139633,1.7584640191427705,1.6619544969408793,0.8167493164077844,-0.5422034114234188,0.20546612397941283,-0.26523905970646533
-0.5042311365791087,1.8176608822081857,-0.7267558674296264,-0.9523581126296887,1.7884260767783402,-0.7532305622529707,0.5908992021899321,-0.6249456918175231,-0.8804087086502548,-0.44335869703874153,0.33803493385378186,-1.053197387065314,3.770183777256185
-0.5031356862460988,0.9628733463449013,-0.925231033028017,-0.900052444507994,0.35072571457779644,-0.05614108399236946,1.925918820474613,-0.14826374962546437,-0.6952851742625509,0.5744208522834522,0.430001928409512,-0.9455381181960795,-0.26523905970646533
2.2066570297176695,-0.46177254676057233,1.0858806058869261,1.3665265074321078,-0.0889163197326045,0.9524139058314793,-0.8134912833533592,1.7584640191427705,1.6619544969408793,0.8167493164077844,-3.1317054542082987,0.39070339541618393,-0.26523905970646533
-0.4944623895234512,0.9628733463449013,-0.925231033028017,-0.900052444507994,-0.2005995784485541,-1.4873992680806252,2.248572743722434,-0.14826374962546437,-0.6952851742625509,0.5744208522834522,0.355226149829559,-0.9249561991475493,-0.26523905970646533
-0.5069815414474721,2.1025900608292805,-1.1872802751071423,-1.0395342261658467,1.228237033060248,-1.7729093203469355,1.5176326664513644,-0.5057752062695084,0.008184256410724094,-1.6065353248355365,0.19894236823158573,-1.2036037185738033,-0.26523905970646533
-0.46793992715971877,-0.46177254676057233,-0.07861040477238185,-0.5862184357778263,-1.500025429857923,-2.2067362828814585,-0.06596133017119342,-0.6249456918175231,-0.7384806656196817,0.041298231209922674,-0.14668522568700904,2.667380287092055,-0.26523905970646533
-0.5128553539857612,-0.46177254676057233,0.12916828421343338,0.14606091792589873,1.2725557865189583,0.8040969955632663,-0.8434406632984734,-0.9824571484615672,-0.7631638035380423,1.204474859006716,0.430001928409512,-1.1181095932952936,-0.26523905970646533
-0.48214544438133006,-0.46177254676057233,-0.07861040477238185,-0.5862184357778263,-0.7997891252103083,-0.5752502699311152,-0.03031773539190747,-0.6249456918175231,-0.7384806656196817,0.041298231209922674,0.35835182546151834,0.5268607060449219,3.770183777256185
-0.508473552653722,-0.46177254676057233,-1.33923782376841,-0.5949360471314421,-1.159657403295032,0.7596019224828023,-0.39425471618747315,-0.7441161773655378,-1.2568265619052528,-0.346427311389009,0.3590731352227398,0.20229967489502365,-0.26523905970646533
-0.5161868579555061,4.097094311176944,-1.1981343857258042,-1.3795210689568618,-0.8352441279772769,-1.416948735703224,1.5897411369956342,-0.6249456918175231,-0.36823359684427387,-1.1703440894117378,0.430001928409512,-0.3898263038857661,-0.26523905970646533
-0.5142609855958599,0.7349300034480256,-0.8461510842349083,-1.022099003458615,0.4482269721869574,-1.7877410113737566,1.7009973345248337,-0.6249456918175231,-0.9482873379257462,-0.8310842396376732,0.430001928409512,-1.1751056768143,-0.26523905970646533
2.3097039615809054,-0.46177254676057233,1.0858806058869261,0.3552835904126776,1.0527347693637585,1.1378100436667458,-1.2278001646050583,1.7584640191427705,1.6619544969408793,0.8167493164077844,-2.185226829192265,1.1205699093679062,-0.26523905970646533
-0.41867410976387404,0.6779441677238066,-1.1050991518515585,0.16349614063313028,2.148294354863062,-0.6197453430115789,-0.4577123603490588,-0.5057752062695084,-0.8187008638543535,-2.6727805669825973,0.35065785467515675,-1.5107492797595605,-0.26523905970646533
-0.5163478381119699,2.5299838287609226,-0.8957698756345058,-1.3184977894815513,0.5439554796577709,-1.7209984017530608,1.9761264647336068,-0.38660472072149377,-0.6397481139462396,-0.9280156252874057,0.12729226528359205,-0.5054016954659738,-0.26523905970646533
-0.28282845260745737,-0.46177254676057233,-0.45850427642555136,-0.1590554794506528,-0.2059178288635979,0.8300524548602037,0.1472432137159636,-0.6249456918175231,-0.5533571312319778,1.204474859006716,0.430001928409512,0.9527481078952756,-0.26523905970646533
0.49641366330936626,-0.46177254676057233,1.0858806058869261,1.8634303545882074,-0.23250908093882477,0.5222948660536617,-0.5394571944588495,1.7584640191427705,1.6619544969408793,0.8167493164077844,0.4123298392595877,-0.19350646065363258,3.770183777256185
-0.5117010084735574,-0.46177254676057233,-1.0926944540016592,-0.4031485973518948,0.5102732270291512,-1.3427902805691174,-0.3151927332976286,-0.5057752062695084,-0.6212357605074692,-0.9280156252874057,0.35859226204859196,-1.167189554103327,-0.26523905970646533
-0.47189964637420057,-0.46177254676057233,-0.18560092372776424,-0.10674981132895808,0.01390318829160178,0.5000473295134295,-0.24374128754191723,-0.6249456918175231,-0.5718694846707482,-0.05563315443981154,0.38780530737805935,-0.7603008467593083,-0.26523905970646533
-0.5158315237077019,-0.46177254676057233,0.4330833815359692,-0.054444143207263374,-0.6561963640040896,-0.49367596928359786,-0.32625265057169267,-0.5057752062695084,-0.7446514500992719,-1.02494701093714,0.3807124280593824,0.12788812141187617,3.770183777256185
0.41992060457209995,-0.46177254676057233,1.0858806058869261,1.3665265074321078,0.7850494984731505,0.767017767996213,-0.6080067807317617,1.7584640191427705,1.6619544969408793,0.8167493164077844,-1.2731306361277859,0.5886064631905124,-0.26523905970646533
-0.5158629344699387,-0.46177254676057233,-1.2182920197318907,-0.8390291650326835,-0.20237232858690152,-1.3761615853794653,1.1857256440980142,-0.6249456918175231,0.20564935975760829,-0.7826185468128078,0.08942350281946736,-0.571897126238148,-0.26523905970646533
0.928727836665564,-0.46177254676057233,1.0858806058869261,0.3552835904126776,-1.136611651496503,1.059943665775934,-1.2337133877020827,1.7584640191427705,1.6619544969408793,0.8167493164077844,-0.5589137542250481,2.1686645563007474,-0.26523905970646533
-0.5086875384714604,-0.46177254676057233,0.4377351432296814,-1.0395342261658467,-0.4416935972639337,-1.0016613869522277,0.9826502323677972,-0.6249456918175231,-0.6644312518646002,-1.2188097822366049,0.430001928409512,-0.3644947112106521,-0.26523905970646533
-0.5126865211387382,-0.46177254676057233,-1.0399744881395867,-0.9959461693977677,-0.6384688626206061,-0.630869111281695,2.3574198503602535,-0.7441161773655378,-0.2756718296504219,0.13822961685965518,0.041817058578854205,-0.005102740132472301,-0.26523905970646533
-0.27478140795690675,-0.46177254676057233,1.3153675161100649,0.42502448124160386,-0.014460813921972475,0.8634237596705513,-1.045530537845853,-0.5057752062695084,0.03903817880867475,-1.8488637889598687,-0.26702373751744835,-1.1402747368860184,3.770183777256185
-0.46767489885334546,-0.46177254676057233,1.673553166525911,0.5906590969603037,-0.1491898244364494,0.9005029872376046,-1.14764314040095,-0.6249456918175231,0.2488448511147392,1.3014062446564485,0.32396939350996407,1.8140222588491517,-0.26523905970646533
0.049248088933062296,-0.46177254676057233,1.3153675161100649,0.42502448124160386,-0.27860058453588255,0.8782554506973729,-0.7799830191368877,-0.5057752062695084,0.03903817880867475,-1.8488637889598687,-1.454299604487898,-0.45790495920013496,-0.26523905970646533
1.142368136019436,-0.46177254676057233,1.0858806058869261,0.24195464281567236,0.15926869963616944,0.6224087804847052,-0.906296034737214,1.7584640191427705,1.6619544969408793,0.8167493164077844,-3.3382404825046974,0.7817598573382564,-0.26523905970646533
-0.47302847064208703,-0.46177254676057233,-0.39337961271357946,-0.31597248381573695,-0.05168856682728849,0.8115128410766771,-0.6366968631654727,-0.5057752062695084,-0.07820672630353774,1.156009166181849,0.3618381559740888,0.4508659280195798,-0.26523905970646533
1.9885289177092094,-0.46177254676057233,1.0858806058869261,1.601902013979734,-0.7164698687079345,1.0117406699387643,-0.9923115299726336,1.7584640191427705,1.6619544969408793,0.8167493164077844,-1.4499717459205692,1.7554429507879505,-0.26523905970646533
-0.5010625759384673,-0.46177254676057233,-1.2725625728252006,-0.9697933353369204,3.2101716877337494,0.2479085820574674,-0.11649748682446653,-0.8632866629135525,-0.7446514500992719,-0.24949592573927654,0.430001928409512,-1.3445107028291252,-0.26523905970646533
2.2891691757685706,-0.46177254676057233,1.0858806058869261,1.2531975598351024,-2.443128503459266,1.1378100436667458,-1.1599076031207043,1.7584640191427705,1.6619544969408793,0.8167493164077844,0.14171846050802023,2.83678531310688,-0.26523905970646533
-0.5039504028916169,1.247802524965996,-0.9562427776527657,-1.1179927283483886,-0.28923708536597326,-0.15625499842341337,1.4389539480215123,-0.38660472072149377,-0.5965526225891087,-0.9280156252874057,0.40259215748309857,-0.04784980277172711,-0.26523905970646533
-0.29058887405259687,-0.46177254676057233,1.673553166525911,0.5906590969603037,0.12026819659250446,1.0525278202625232,-0.7867722752853231,-0.6249456918175231,0.2488448511147392,1.3014062446564485,0.430001928409512,-0.07001494636245195,-0.26523905970646533
-0.5154761894598976,-0.46177254676057233,0.12916828421343338,0.14606091792589873,-0.4044658443586177,0.42588887437932293,-0.6586524415164615,-0.9824571484615672,-0.7631638035380423,1.204474859006716,0.430001928409512,-0.7634672958436977,-0.26523905970646533
-0.3575134293434655,-0.46177254676057233,-0.45850427642555136,-0.1590554794506528,-0.5196946033512637,0.7373543859425705,0.16662544497843224,-0.6249456918175231,-0.5533571312319778,1.204474859006716,0.3774665341338856,0.1785513067621042,-0.26523905970646533
-0.49719708901069615,-0.46177254676057233,-0.07861040477238185,-0.5862184357778263,0.2071329533715762,-1.3724536626227604,0.12999631301630898,-0.6249456918175231,-0.7384806656196817,0.041298231209922674,0.29667984087708743,-0.5259836145145038,-0.26523905970646533
-0.5160239146264025,0.9628733463449013,-0.9670968882714275,-1.1354279510556202,0.6396839871285828,0.04026490768196934,0.9268031253403446,-0.6249456918175231,-0.7137975277013212,0.23516100250938765,0.4147342051303256,-0.8679601156285429,-0.26523905970646533
-0.4989521653506796,-0.46177254676057233,-0.16854446418415264,-0.08059697726811073,-0.145644324159753,0.11813128557278098,-0.5354055415960735,-0.38660472072149377,0.21799092871678855,-0.346427311389009,0.38672334273622755,-0.1048458862907338,-0.26523905970646533
-0.5151012234856954,1.4187600321386529,-1.382654266243058,-0.7344178287892946,1.0474165189487132,0.0365569849252637,-0.2875976921781813,-0.2674342351734791,-1.077873811997139,-0.05563315443981154,0.430001928409512,-0.8188801548205095,-0.26523905970646533
1.6021569104696702,-0.46177254676057233,1.0858806058869261,1.070127721409172,0.9286422596793708,0.7966811500498556,-1.0339778519803702,1.7584640191427705,1.6619544969408793,0.8167493164077844,-4.082151282911051,2.0720878592268757,-0.26523905970646533
-0.5005796354690759,-0.46177254676057233,-0.16854446418415264,-0.08059697726811073,-0.6118776105453793,0.8745475279406677,-0.7416565731376554,-0.38660472072149377,0.21799092871678855,-0.346427311389009,0.40655936116981617,0.5553587478044251,-0.26523905970646533
